order_id,date,customer_region,product_category,product_name,quantity,price_ghs,order_total_ghs,delivery_days,payment_method,order_status,rating
ORD-00001,2023-07-17,Ashanti,Home & Kitchen,Bedsheets,1,199.51,199.51,2,Cash on Delivery,Delivered,5
ORD-00002,2023-01-31,Greater Accra,Sports & Outdoors,Sports Bag,3,272.76,818.28,,MoMo,Pending,
ORD-00003,2023-01-18,Central,Fashion,Belt,1,124.8,124.8,,Cash on Delivery,Pending,
ORD-00004,2023-07-04,Greater Accra,Books & Stationery,Scientific Calculator,6,55.93,335.58,,Card,Pending,
ORD-00005,2023-06-18,Greater Accra,Electronics,Smartphone,3,1496.77,4490.31,10,MoMo,Delivered,5
ORD-00006,2023-07-09,Greater Accra,Electronics,Phone Case,1,1273.28,1273.28,1,MoMo,Delivered,4
ORD-00007,2023-10-21,Greater Accra,Sports & Outdoors,Yoga Mat,1,80.14,80.14,11,Card,Returned,
ORD-00008,2023-07-26,Ashanti,Sports & Outdoors,Football,1,260.52,260.52,,MoMo,Pending,
ORD-00009,2023-03-10,Ashanti,Home & Kitchen,Kettle,2,72.46,144.92,3,MoMo,Delivered,4
ORD-00010,2023-07-22,Ashanti,Electronics,Earbuds,1,630.01,630.01,13,MoMo,Returned,
ORD-00011,2023-01-17,Ashanti,Books & Stationery,Novel,4,19.4,77.6,13,MoMo,Delivered,5
ORD-00012,2023-02-02,Eastern,Books & Stationery,Pens (box),1,52.56,52.56,,Cash on Delivery,Cancelled,
ORD-00013,2023-04-30,Western,Beauty & Health,Beard Oil,2,117.79,235.58,5,Cash on Delivery,Delivered,3
ORD-00014,2023-08-03,Central,Books & Stationery,Scientific Calculator,6,17.62,105.72,7,MoMo,Delivered,4
ORD-00015,2023-07-09,Ashanti,Home & Kitchen,Food Flask,2,49.39,98.78,6,MoMo,Delivered,4
ORD-00016,2023-01-08,Eastern,Beauty & Health,Shampoo,4,35.0,140.0,,Card,Cancelled,
ORD-00017,2023-12-30,Greater Accra,Fashion,Sunglasses,1,205.01,205.01,13,MoMo,Delivered,4
ORD-00018,2023-11-19,Greater Accra,Beauty & Health,Beard Oil,5,133.73,668.65,,MoMo,Cancelled,
ORD-00019,2023-04-21,Western,Beauty & Health,Perfume,3,85.6,256.8,12,MoMo,Delivered,5
ORD-00020,2023-10-13,Greater Accra,Beauty & Health,Beard Oil,2,215.56,431.12,10,Card,Delivered,4
ORD-00021,2023-05-21,Eastern,Fashion,Cap,4,138.72,554.88,13,Card,Delivered,2
ORD-00022,2023-03-01,Greater Accra,Home & Kitchen,Blender,2,149.27,298.54,2,MoMo,Delivered,4
ORD-00023,2023-11-16,Greater Accra,Beauty & Health,Body Lotion,4,243.34,973.36,10,MoMo,Delivered,5
ORD-00024,2023-11-03,Ashanti,Home & Kitchen,Blender,3,316.21,948.63,6,MoMo,Delivered,5
ORD-00025,2023-03-31,Volta,Electronics,Power Bank,3,732.84,2198.52,10,Cash on Delivery,Delivered,5
ORD-00026,2023-03-17,Greater Accra,Books & Stationery,Pens (box),2,43.67,87.34,14,MoMo,Delivered,4
ORD-00027,2023-06-05,Ashanti,Electronics,Earbuds,3,1427.16,4281.48,5,Cash on Delivery,Delivered,4
ORD-00028,2023-02-16,Ashanti,Sports & Outdoors,Running Shoes,2,130.96,261.92,9,MoMo,Delivered,3
ORD-00029,2023-05-26,Greater Accra,Sports & Outdoors,Yoga Mat,3,69.22,207.66,8,Cash on Delivery,Delivered,4
ORD-00030,2023-09-13,Western,Beauty & Health,Shampoo,1,85.6,85.6,11,Cash on Delivery,Returned,
ORD-00031,2023-05-30,Upper East,Beauty & Health,Perfume,1,144.0,144.0,,Card,Cancelled,
ORD-00032,2023-06-15,Volta,Fashion,Sunglasses,2,26.58,53.16,8,Card,Delivered,3
ORD-00033,2023-10-11,Western,Electronics,Bluetooth Speaker,1,1077.76,1077.76,,MoMo,Cancelled,
ORD-00034,2023-08-07,Greater Accra,Electronics,Power Bank,1,836.98,836.98,1,Cash on Delivery,Returned,
ORD-00035,2023-02-04,Ashanti,Sports & Outdoors,Gym Gloves,2,40.01,80.02,1,Cash on Delivery,Delivered,4
ORD-00036,2023-07-28,Ashanti,Books & Stationery,WAEC Past Questions,4,86.05,344.2,2,MoMo,Delivered,5
ORD-00037,2023-02-28,Ashanti,Electronics,Earbuds,2,400.78,801.56,11,MoMo,Delivered,5
ORD-00038,2023-12-18,Greater Accra,Books & Stationery,Notebook Set,3,14.82,44.46,14,MoMo,Delivered,3
ORD-00039,2023-06-29,Ashanti,Sports & Outdoors,Resistance Bands,1,244.0,244.0,6,MoMo,Delivered,4
ORD-00040,2023-03-06,Ashanti,Books & Stationery,Scientific Calculator,5,44.76,223.8,6,Card,Delivered,5
ORD-00041,2023-12-22,Greater Accra,Fashion,Sunglasses,3,351.69,1055.07,,Cash on Delivery,Cancelled,
ORD-00042,2023-08-27,Volta,Sports & Outdoors,Running Shoes,1,200.47,200.47,4,Cash on Delivery,Delivered,4
ORD-00043,2023-02-08,Greater Accra,Sports & Outdoors,Water Bottle,1,279.64,279.64,9,MoMo,Delivered,5
ORD-00044,2023-10-19,Greater Accra,Beauty & Health,Body Lotion,5,118.11,590.55,12,MoMo,Delivered,4
ORD-00045,2023-04-15,Greater Accra,Home & Kitchen,Curtains,3,94.04,282.12,11,MoMo,Delivered,5
ORD-00046,2023-07-10,Greater Accra,Home & Kitchen,Curtains,2,342.84,685.68,10,MoMo,Returned,
ORD-00047,2023-07-27,Western,Beauty & Health,Shampoo,1,152.91,152.91,11,Cash on Delivery,Returned,
ORD-00048,2023-03-23,Greater Accra,Fashion,Ankara Dress,4,92.23,368.92,,Card,Cancelled,
ORD-00049,2023-05-22,Western,Electronics,Smartphone,2,831.45,1662.9,9,Cash on Delivery,Delivered,4
ORD-00050,2023-01-27,Greater Accra,Electronics,Earbuds,2,982.76,1965.52,14,Card,Delivered,4
ORD-00051,2023-06-19,Ashanti,Electronics,Laptop Bag,3,899.79,2699.37,,Cash on Delivery,Pending,
ORD-00052,2023-09-07,Greater Accra,Home & Kitchen,Knife Set,2,81.84,163.68,14,Cash on Delivery,Delivered,5
ORD-00053,2023-11-29,Northern,Beauty & Health,Perfume,2,170.92,341.84,12,Cash on Delivery,Returned,
ORD-00054,2023-07-02,Ashanti,Books & Stationery,Novel,3,11.21,33.63,,MoMo,Pending,
ORD-00055,2023-04-08,Greater Accra,Books & Stationery,Novel,6,92.74,556.44,13,Cash on Delivery,Delivered,5
ORD-00056,2023-06-18,Northern,Beauty & Health,Hair Extensions,2,199.28,398.56,14,Cash on Delivery,Delivered,3
ORD-00057,2023-09-14,Greater Accra,Home & Kitchen,Non-stick Pan,1,89.74,89.74,2,MoMo,Delivered,3
ORD-00058,2023-04-04,Greater Accra,Books & Stationery,Scientific Calculator,2,105.29,210.58,14,MoMo,Delivered,5
ORD-00059,2023-09-03,Volta,Books & Stationery,WAEC Past Questions,6,31.66,189.96,13,MoMo,Delivered,5
ORD-00060,2023-08-26,Greater Accra,Fashion,Belt,3,180.0,540.0,7,MoMo,Returned,
ORD-00061,2023-01-02,Ashanti,Home & Kitchen,Bedsheets,1,262.94,262.94,13,Cash on Delivery,Delivered,4
ORD-00062,2023-07-02,Western,Sports & Outdoors,Jump Rope,2,38.33,76.66,8,Card,Delivered,4
ORD-00063,2023-11-05,Central,Sports & Outdoors,Football,1,143.11,143.11,7,Cash on Delivery,Delivered,5
ORD-00064,2023-10-11,Western,Home & Kitchen,Knife Set,2,225.58,451.16,,Card,Cancelled,
ORD-00065,2023-09-15,Ashanti,Sports & Outdoors,Jump Rope,2,21.07,42.14,,MoMo,Cancelled,
ORD-00066,2023-06-07,Central,Electronics,Power Bank,2,656.65,1313.3,,MoMo,Cancelled,
ORD-00067,2023-09-27,Ashanti,Books & Stationery,BECE Study Guide,1,22.19,22.19,6,Cash on Delivery,Delivered,5
ORD-00068,2023-05-19,Eastern,Electronics,Smartphone,2,946.79,1893.58,,MoMo,Cancelled,
ORD-00069,2023-10-28,Eastern,Fashion,Sunglasses,2,386.58,773.16,2,Card,Delivered,1
ORD-00070,2023-10-16,Greater Accra,Beauty & Health,Perfume,5,200.19,1000.95,1,MoMo,Returned,
ORD-00071,2023-02-15,Western,Sports & Outdoors,Resistance Bands,2,82.04,164.08,7,MoMo,Delivered,5
ORD-00072,2023-01-11,Ashanti,Electronics,Power Bank,2,407.53,815.06,,MoMo,Pending,
ORD-00073,2023-08-23,Volta,Beauty & Health,Face Cream,3,241.23,723.69,3,Cash on Delivery,Delivered,4
ORD-00074,2023-07-18,Volta,Electronics,Smartwatch,1,1281.7,1281.7,2,Cash on Delivery,Delivered,5
ORD-00075,2023-08-13,Ashanti,Books & Stationery,WAEC Past Questions,6,87.17,523.02,6,Cash on Delivery,Delivered,5
ORD-00076,2023-02-27,Greater Accra,Beauty & Health,Beard Oil,5,52.53,262.65,4,MoMo,Delivered,5
ORD-00077,2023-10-26,Ashanti,Electronics,Smartwatch,2,1193.97,2387.94,6,Cash on Delivery,Delivered,5
ORD-00078,2023-08-17,Ashanti,Beauty & Health,Shampoo,1,39.64,39.64,8,Card,Returned,
ORD-00079,2023-03-11,Northern,Beauty & Health,Lip Gloss,4,188.84,755.36,4,MoMo,Returned,
ORD-00080,2023-02-07,Eastern,Fashion,Sunglasses,3,397.68,1193.04,11,Card,Delivered,4
ORD-00081,2023-09-24,Eastern,Sports & Outdoors,Jump Rope,2,314.04,628.08,14,MoMo,Delivered,3
ORD-00082,2023-07-22,Greater Accra,Books & Stationery,Notebook Set,1,93.25,93.25,1,MoMo,Delivered,4
ORD-00083,2023-06-08,Greater Accra,Books & Stationery,WAEC Past Questions,6,84.27,505.62,3,Card,Delivered,5
ORD-00084,2023-07-03,Ashanti,Sports & Outdoors,Jump Rope,1,262.86,262.86,6,MoMo,Delivered,4
ORD-00085,2023-05-10,Ashanti,Electronics,Laptop Bag,3,625.92,1877.76,5,MoMo,Delivered,5
ORD-00086,2023-08-27,Ashanti,Books & Stationery,Novel,3,10.22,30.66,,MoMo,Pending,
ORD-00087,2023-08-06,Greater Accra,Home & Kitchen,Food Flask,2,336.87,673.74,11,MoMo,Delivered,2
ORD-00088,2023-06-30,Greater Accra,Electronics,Smartwatch,1,1484.17,1484.17,,Cash on Delivery,Cancelled,
ORD-00089,2023-07-14,Upper East,Books & Stationery,BECE Study Guide,5,89.28,446.4,1,MoMo,Returned,
ORD-00090,2023-10-24,Greater Accra,Beauty & Health,Lip Gloss,4,70.86,283.44,5,MoMo,Delivered,3
ORD-00091,2023-12-15,Ashanti,Sports & Outdoors,Water Bottle,1,113.12,113.12,14,Card,Delivered,4
ORD-00092,2023-07-11,Ashanti,Sports & Outdoors,Football,3,154.23,462.69,2,Card,Delivered,4
ORD-00093,2023-10-21,Greater Accra,Fashion,Cap,3,372.63,1117.89,,Card,Pending,
ORD-00094,2023-01-16,Greater Accra,Beauty & Health,Body Lotion,3,17.06,51.18,12,Cash on Delivery,Delivered,5
ORD-00095,2023-04-30,Ashanti,Sports & Outdoors,Gym Gloves,1,312.53,312.53,3,MoMo,Delivered,4
ORD-00096,2023-03-29,Greater Accra,Beauty & Health,Face Cream,1,97.22,97.22,14,Cash on Delivery,Returned,
ORD-00097,2023-07-26,Greater Accra,Books & Stationery,Pens (box),4,83.69,334.76,10,Cash on Delivery,Returned,
ORD-00098,2023-01-01,Greater Accra,Beauty & Health,Face Cream,3,199.14,597.42,,MoMo,Pending,
ORD-00099,2023-11-26,Ashanti,Books & Stationery,Scientific Calculator,3,98.6,295.8,13,Cash on Delivery,Delivered,3
ORD-00100,2023-06-23,Ashanti,Electronics,USB Hub,2,1248.82,2497.64,2,Cash on Delivery,Delivered,5
ORD-00101,2023-05-09,Ashanti,Beauty & Health,Hair Extensions,1,248.24,248.24,7,MoMo,Delivered,5
ORD-00102,2023-10-21,Central,Home & Kitchen,Curtains,1,116.46,116.46,3,MoMo,Delivered,5
ORD-00103,2023-09-08,Eastern,Books & Stationery,WAEC Past Questions,6,62.01,372.06,5,MoMo,Delivered,4
ORD-00104,2023-04-25,Ashanti,Fashion,Men's Watch,3,118.36,355.08,,Cash on Delivery,Pending,
ORD-00105,2023-02-03,Greater Accra,Electronics,USB Hub,2,600.53,1201.06,3,MoMo,Delivered,5
ORD-00106,2023-04-27,Greater Accra,Electronics,Power Bank,2,976.07,1952.14,,Cash on Delivery,Cancelled,
ORD-00107,2023-10-13,Central,Beauty & Health,Hair Extensions,2,229.58,459.16,1,MoMo,Delivered,5
ORD-00108,2023-12-15,Greater Accra,Fashion,Sunglasses,4,373.42,1493.68,11,Card,Delivered,4
ORD-00109,2023-05-30,Central,Beauty & Health,Beard Oil,5,42.89,214.45,5,Cash on Delivery,Delivered,1
ORD-00110,2023-07-04,Greater Accra,Books & Stationery,BECE Study Guide,1,67.23,67.23,10,Cash on Delivery,Delivered,3
ORD-00111,2023-12-17,Ashanti,Fashion,Men's Watch,1,32.96,32.96,2,Cash on Delivery,Delivered,4
ORD-00112,2023-10-25,Ashanti,Home & Kitchen,Blender,2,319.72,639.44,2,Cash on Delivery,Returned,
ORD-00113,2023-01-13,Eastern,Electronics,Bluetooth Speaker,3,1221.29,3663.87,11,Card,Delivered,2
ORD-00114,2023-04-02,Greater Accra,Home & Kitchen,Kettle,3,120.0,360.0,12,MoMo,Delivered,2
ORD-00115,2023-06-14,Greater Accra,Beauty & Health,Hair Extensions,4,166.28,665.12,1,Cash on Delivery,Returned,
ORD-00116,2023-01-01,Ashanti,Electronics,Smartphone,2,606.16,1212.32,5,MoMo,Returned,
ORD-00117,2023-02-12,Greater Accra,Electronics,Smartwatch,2,1354.01,2708.02,11,Cash on Delivery,Delivered,4
ORD-00118,2023-02-10,Eastern,Home & Kitchen,Blender,1,349.02,349.02,,Cash on Delivery,Cancelled,
ORD-00119,2023-05-14,Western,Sports & Outdoors,Sports Bag,1,90.95,90.95,4,MoMo,Delivered,2
ORD-00120,2023-08-20,Volta,Sports & Outdoors,Running Shoes,2,314.84,629.68,1,Cash on Delivery,Delivered,4
ORD-00121,2023-12-29,Greater Accra,Home & Kitchen,Blender,2,163.86,327.72,9,Cash on Delivery,Delivered,5
ORD-00122,2023-10-30,Greater Accra,Beauty & Health,Face Cream,4,48.81,195.24,13,MoMo,Delivered,3
ORD-00123,2023-05-18,Ashanti,Electronics,USB Hub,2,542.07,1084.14,,MoMo,Cancelled,
ORD-00124,2023-09-28,Greater Accra,Electronics,Smartphone,1,943.96,943.96,13,MoMo,Delivered,5
ORD-00125,2023-05-27,Ashanti,Beauty & Health,Perfume,3,232.01,696.03,,Cash on Delivery,Pending,
ORD-00126,2023-09-12,Central,Books & Stationery,WAEC Past Questions,4,23.92,95.68,1,MoMo,Returned,
ORD-00127,2023-04-11,Greater Accra,Fashion,Ankara Dress,2,259.67,519.34,,MoMo,Cancelled,
ORD-00128,2023-02-09,Eastern,Beauty & Health,Lip Gloss,2,46.95,93.9,8,MoMo,Returned,
ORD-00129,2023-04-02,Central,Electronics,Bluetooth Speaker,1,1209.45,1209.45,13,MoMo,Returned,
ORD-00130,2023-07-21,Greater Accra,Electronics,Laptop Bag,1,638.25,638.25,11,MoMo,Returned,
ORD-00131,2023-03-15,Ashanti,Books & Stationery,Novel,5,39.05,195.25,1,MoMo,Returned,
ORD-00132,2023-08-04,Ashanti,Sports & Outdoors,Resistance Bands,2,254.04,508.08,,Card,Pending,
ORD-00133,2023-09-18,Western,Sports & Outdoors,Gym Gloves,3,253.02,759.06,1,MoMo,Delivered,5
ORD-00134,2023-06-22,Greater Accra,Sports & Outdoors,Football,3,30.32,90.96,,Card,Cancelled,
ORD-00135,2023-07-18,Greater Accra,Home & Kitchen,Kettle,3,304.43,913.29,8,MoMo,Delivered,5
ORD-00136,2023-10-22,Greater Accra,Fashion,Jeans,2,258.71,517.42,5,Cash on Delivery,Returned,
ORD-00137,2023-04-25,Ashanti,Sports & Outdoors,Football,3,45.64,136.92,,MoMo,Cancelled,
ORD-00138,2023-08-21,Ashanti,Beauty & Health,Hair Extensions,4,245.12,980.48,,MoMo,Cancelled,
ORD-00139,2023-10-26,Greater Accra,Sports & Outdoors,Football,3,46.16,138.48,12,MoMo,Delivered,5
ORD-00140,2023-04-01,Greater Accra,Home & Kitchen,Blender,3,80.9,242.7,7,Cash on Delivery,Delivered,4
ORD-00141,2023-10-16,Volta,Books & Stationery,Pens (box),5,75.35,376.75,8,Card,Returned,
ORD-00142,2023-02-22,Western,Home & Kitchen,Bedsheets,1,46.63,46.63,,Card,Cancelled,
ORD-00143,2023-09-01,Ashanti,Fashion,Jeans,1,408.29,408.29,6,Card,Delivered,5
ORD-00144,2023-02-20,Greater Accra,Home & Kitchen,Blender,1,90.56,90.56,5,Cash on Delivery,Delivered,3
ORD-00145,2023-11-21,Ashanti,Books & Stationery,Notebook Set,4,28.8,115.2,4,Cash on Delivery,Delivered,5
ORD-00146,2023-08-10,Ashanti,Beauty & Health,Body Lotion,5,142.35,711.75,11,Cash on Delivery,Delivered,5
ORD-00147,2023-12-08,Northern,Electronics,Bluetooth Speaker,3,547.68,1643.04,3,Cash on Delivery,Delivered,5
ORD-00148,2023-06-29,Greater Accra,Beauty & Health,Body Lotion,2,135.43,270.86,11,Cash on Delivery,Delivered,5
ORD-00149,2023-11-07,Greater Accra,Home & Kitchen,Bedsheets,3,96.77,290.31,7,MoMo,Returned,
ORD-00150,2023-04-02,Northern,Beauty & Health,Perfume,1,38.32,38.32,2,MoMo,Delivered,3
ORD-00151,2023-10-04,Greater Accra,Home & Kitchen,Food Flask,1,195.33,195.33,2,Cash on Delivery,Delivered,3
ORD-00152,2023-03-13,Ashanti,Home & Kitchen,Bedsheets,3,132.09,396.27,6,Cash on Delivery,Returned,
ORD-00153,2023-08-13,Volta,Books & Stationery,Scientific Calculator,5,111.7,558.5,,Cash on Delivery,Cancelled,
ORD-00154,2023-01-31,Ashanti,Sports & Outdoors,Sports Bag,2,241.41,482.82,,MoMo,Cancelled,
ORD-00155,2023-09-07,Greater Accra,Beauty & Health,Face Cream,2,60.91,121.82,,MoMo,Cancelled,
ORD-00156,2023-06-17,Ashanti,Beauty & Health,Shampoo,2,172.6,345.2,,Cash on Delivery,Pending,
ORD-00157,2023-11-06,Ashanti,Home & Kitchen,Pillow Set,3,204.73,614.19,,Cash on Delivery,Pending,
ORD-00158,2023-04-16,Eastern,Books & Stationery,Novel,2,66.69,133.38,9,Cash on Delivery,Delivered,4
ORD-00159,2023-02-04,Greater Accra,Fashion,Sneakers,4,128.35,513.4,4,MoMo,Delivered,5
ORD-00160,2023-05-28,Western,Electronics,Bluetooth Speaker,2,727.55,1455.1,8,MoMo,Returned,
ORD-00161,2023-05-29,Volta,Sports & Outdoors,Football,3,42.85,128.55,14,Card,Delivered,4
ORD-00162,2023-03-29,Western,Beauty & Health,Body Lotion,3,119.6,358.8,,Card,Pending,
ORD-00163,2023-09-26,Ashanti,Electronics,Power Bank,3,580.0,1740.0,,Cash on Delivery,Cancelled,
ORD-00164,2023-11-13,Greater Accra,Electronics,Earbuds,2,227.72,455.44,,MoMo,Cancelled,
ORD-00165,2023-12-12,Greater Accra,Electronics,USB Hub,2,1160.83,2321.66,14,MoMo,Delivered,2
ORD-00166,2023-03-25,Greater Accra,Beauty & Health,Shampoo,2,132.11,264.22,6,MoMo,Returned,
ORD-00167,2023-10-20,Northern,Home & Kitchen,Curtains,3,116.73,350.19,1,Cash on Delivery,Returned,
ORD-00168,2023-12-02,Eastern,Home & Kitchen,Blender,2,169.85,339.7,4,MoMo,Delivered,5
ORD-00169,2023-12-01,Greater Accra,Home & Kitchen,Food Flask,3,43.6,130.8,10,Card,Returned,
ORD-00170,2023-08-18,Central,Fashion,Sunglasses,4,234.63,938.52,4,MoMo,Delivered,4
ORD-00171,2023-10-22,Ashanti,Fashion,Belt,4,345.16,1380.64,8,MoMo,Returned,
ORD-00172,2023-12-06,Ashanti,Fashion,Ankara Dress,3,209.02,627.06,13,MoMo,Returned,
ORD-00173,2023-02-14,Volta,Fashion,Jeans,4,109.05,436.2,14,MoMo,Delivered,5
ORD-00174,2023-12-04,Greater Accra,Beauty & Health,Perfume,2,210.6,421.2,12,MoMo,Delivered,4
ORD-00175,2023-05-02,Greater Accra,Electronics,Smartphone,1,1017.43,1017.43,7,MoMo,Returned,
ORD-00176,2023-01-14,Upper East,Sports & Outdoors,Yoga Mat,1,290.89,290.89,7,MoMo,Delivered,4
ORD-00177,2023-12-25,Ashanti,Beauty & Health,Hair Extensions,4,151.3,605.2,1,Card,Delivered,5
ORD-00178,2023-12-13,Greater Accra,Beauty & Health,Vitamins,4,113.84,455.36,12,Cash on Delivery,Delivered,4
ORD-00179,2023-10-11,Ashanti,Books & Stationery,Scientific Calculator,2,18.07,36.14,,MoMo,Cancelled,
ORD-00180,2023-05-08,Greater Accra,Home & Kitchen,Kettle,2,168.62,337.24,3,MoMo,Delivered,5
ORD-00181,2023-05-19,Northern,Home & Kitchen,Blender,1,315.35,315.35,7,Cash on Delivery,Delivered,3
ORD-00182,2023-05-09,Ashanti,Beauty & Health,Face Cream,4,225.42,901.68,,Cash on Delivery,Cancelled,
ORD-00183,2023-11-01,Ashanti,Electronics,Bluetooth Speaker,1,598.59,598.59,10,MoMo,Delivered,5
ORD-00184,2023-08-14,Upper East,Beauty & Health,Vitamins,2,169.8,339.6,3,Card,Returned,
ORD-00185,2023-07-20,Ashanti,Electronics,Phone Case,2,134.27,268.54,9,MoMo,Delivered,3
ORD-00186,2023-08-21,Greater Accra,Fashion,Cap,3,351.92,1055.76,,MoMo,Cancelled,
ORD-00187,2023-09-28,Central,Electronics,Smartwatch,1,993.87,993.87,7,Card,Delivered,5
ORD-00188,2023-03-06,Eastern,Sports & Outdoors,Football,1,81.4,81.4,5,MoMo,Delivered,5
ORD-00189,2023-10-15,Greater Accra,Home & Kitchen,Pillow Set,2,316.92,633.84,8,Card,Delivered,5
ORD-00190,2023-01-23,Western,Electronics,Earbuds,2,849.42,1698.84,12,Card,Delivered,4
ORD-00191,2023-07-03,Greater Accra,Electronics,Earbuds,1,644.5,644.5,12,MoMo,Delivered,5
ORD-00192,2023-01-13,Ashanti,Electronics,Power Bank,1,583.66,583.66,8,MoMo,Delivered,4
ORD-00193,2023-08-18,Western,Home & Kitchen,Pillow Set,3,340.87,1022.61,9,Card,Delivered,4
ORD-00194,2023-11-07,Greater Accra,Fashion,Ankara Dress,2,208.14,416.28,1,Cash on Delivery,Delivered,5
ORD-00195,2023-12-02,Central,Electronics,Bluetooth Speaker,2,210.28,420.56,12,Card,Delivered,3
ORD-00196,2023-08-05,Greater Accra,Electronics,Phone Case,1,371.73,371.73,7,MoMo,Delivered,2
ORD-00197,2023-10-20,Greater Accra,Beauty & Health,Beard Oil,2,166.32,332.64,9,MoMo,Delivered,5
ORD-00198,2023-04-25,Greater Accra,Fashion,Ladies Bag,2,77.3,154.6,3,MoMo,Delivered,5
ORD-00199,2023-07-12,Greater Accra,Sports & Outdoors,Sports Bag,3,160.66,481.98,14,Cash on Delivery,Returned,
ORD-00200,2023-02-28,Greater Accra,Home & Kitchen,Curtains,3,322.66,967.98,7,MoMo,Delivered,4
ORD-00201,2023-11-05,Greater Accra,Books & Stationery,BECE Study Guide,4,104.51,418.04,1,Cash on Delivery,Delivered,4
ORD-00202,2023-09-21,Ashanti,Books & Stationery,Pens (box),5,20.95,104.75,8,Card,Delivered,4
ORD-00203,2023-10-28,Greater Accra,Beauty & Health,Perfume,3,134.51,403.53,,Cash on Delivery,Pending,
ORD-00204,2023-02-26,Central,Books & Stationery,Notebook Set,5,91.62,458.1,14,MoMo,Delivered,4
ORD-00205,2023-05-22,Ashanti,Electronics,Laptop Bag,2,1253.15,2506.3,,MoMo,Cancelled,
ORD-00206,2023-12-22,Northern,Fashion,Jeans,1,56.98,56.98,10,Cash on Delivery,Delivered,5
ORD-00207,2023-02-10,Upper East,Electronics,Smartwatch,2,460.41,920.82,11,MoMo,Delivered,5
ORD-00208,2023-08-06,Northern,Books & Stationery,WAEC Past Questions,1,86.62,86.62,2,Cash on Delivery,Returned,
ORD-00209,2023-01-01,Northern,Home & Kitchen,Non-stick Pan,3,181.78,545.34,8,MoMo,Delivered,3
ORD-00210,2023-09-12,Volta,Electronics,Power Bank,2,751.19,1502.38,4,Cash on Delivery,Delivered,5
ORD-00211,2023-02-20,Greater Accra,Sports & Outdoors,Sports Bag,1,248.93,248.93,11,Cash on Delivery,Delivered,5
ORD-00212,2023-03-13,Greater Accra,Sports & Outdoors,Jump Rope,3,66.82,200.46,13,Cash on Delivery,Delivered,5
ORD-00213,2023-11-30,Eastern,Home & Kitchen,Blender,2,132.15,264.3,11,MoMo,Delivered,4
ORD-00214,2023-03-16,Upper East,Books & Stationery,Pens (box),3,33.43,100.29,12,Card,Delivered,5
ORD-00215,2023-10-14,Eastern,Home & Kitchen,Non-stick Pan,3,78.62,235.86,,MoMo,Cancelled,
ORD-00216,2023-06-12,Greater Accra,Sports & Outdoors,Jump Rope,3,270.03,810.09,,MoMo,Cancelled,
ORD-00217,2023-10-01,Greater Accra,Books & Stationery,BECE Study Guide,3,71.48,214.44,,Cash on Delivery,Pending,
ORD-00218,2023-06-02,Upper East,Electronics,Power Bank,2,18.17,36.34,2,Cash on Delivery,Delivered,5
ORD-00219,2023-11-27,Eastern,Electronics,Bluetooth Speaker,2,1122.67,2245.34,1,Cash on Delivery,Returned,
ORD-00220,2023-10-01,Greater Accra,Home & Kitchen,Non-stick Pan,2,39.7,79.4,13,MoMo,Delivered,4
ORD-00221,2023-09-03,Greater Accra,Electronics,Phone Case,1,1460.55,1460.55,5,Card,Delivered,3
ORD-00222,2023-05-23,Volta,Electronics,Power Bank,2,1160.16,2320.32,3,Cash on Delivery,Delivered,4
ORD-00223,2023-02-23,Greater Accra,Beauty & Health,Face Cream,4,180.93,723.72,,Cash on Delivery,Cancelled,
ORD-00224,2023-12-05,Greater Accra,Books & Stationery,Pens (box),6,88.02,528.12,13,MoMo,Delivered,5
ORD-00225,2023-12-09,Western,Sports & Outdoors,Jump Rope,3,308.43,925.29,10,Cash on Delivery,Delivered,5
ORD-00226,2023-02-27,Greater Accra,Books & Stationery,Notebook Set,1,52.5,52.5,6,MoMo,Delivered,4
ORD-00227,2023-11-30,Ashanti,Beauty & Health,Lip Gloss,1,237.8,237.8,5,Cash on Delivery,Delivered,5
ORD-00228,2023-07-28,Western,Books & Stationery,BECE Study Guide,4,98.61,394.44,12,Card,Delivered,4
ORD-00229,2023-12-07,Northern,Electronics,Earbuds,3,912.93,2738.79,3,MoMo,Returned,
ORD-00230,2023-09-18,Volta,Sports & Outdoors,Gym Gloves,2,84.41,168.82,13,Cash on Delivery,Delivered,4
ORD-00231,2023-03-23,Volta,Home & Kitchen,Knife Set,2,346.87,693.74,2,MoMo,Delivered,5
ORD-00232,2023-02-27,Ashanti,Books & Stationery,BECE Study Guide,6,57.19,343.14,1,MoMo,Returned,
ORD-00233,2023-08-25,Greater Accra,Fashion,Men's Watch,3,382.63,1147.89,,Cash on Delivery,Pending,
ORD-00234,2023-10-12,Greater Accra,Beauty & Health,Beard Oil,1,159.4,159.4,7,Card,Delivered,4
ORD-00235,2023-10-23,Greater Accra,Sports & Outdoors,Running Shoes,1,267.91,267.91,2,Cash on Delivery,Delivered,5
ORD-00236,2023-11-27,Greater Accra,Electronics,Phone Case,3,867.61,2602.83,,MoMo,Cancelled,
ORD-00237,2023-05-18,Upper East,Books & Stationery,Notebook Set,1,36.88,36.88,,MoMo,Cancelled,
ORD-00238,2023-11-26,Greater Accra,Sports & Outdoors,Yoga Mat,3,167.5,502.5,14,MoMo,Returned,
ORD-00239,2023-11-23,Upper East,Books & Stationery,Novel,5,18.72,93.6,,MoMo,Cancelled,
ORD-00240,2023-04-15,Greater Accra,Sports & Outdoors,Running Shoes,3,168.57,505.71,13,MoMo,Delivered,5
ORD-00241,2023-09-19,Greater Accra,Fashion,Sunglasses,2,88.31,176.62,3,Cash on Delivery,Delivered,4
ORD-00242,2023-09-17,Ashanti,Electronics,Bluetooth Speaker,2,515.87,1031.74,,MoMo,Cancelled,
ORD-00243,2023-02-08,Upper East,Sports & Outdoors,Football,3,288.97,866.91,4,MoMo,Returned,
ORD-00244,2023-01-19,Greater Accra,Books & Stationery,Pens (box),1,37.78,37.78,,Cash on Delivery,Pending,
ORD-00245,2023-07-15,Ashanti,Books & Stationery,BECE Study Guide,6,38.93,233.58,4,Cash on Delivery,Delivered,5
ORD-00246,2023-11-22,Greater Accra,Sports & Outdoors,Sports Bag,3,312.15,936.45,5,MoMo,Delivered,4
ORD-00247,2023-01-04,Greater Accra,Electronics,Phone Case,3,680.81,2042.43,2,MoMo,Delivered,5
ORD-00248,2023-04-08,Greater Accra,Books & Stationery,Notebook Set,4,75.17,300.68,,MoMo,Pending,
ORD-00249,2023-09-21,Volta,Electronics,Laptop Bag,2,304.09,608.18,9,MoMo,Delivered,4
ORD-00250,2023-06-28,Ashanti,Fashion,Cap,3,31.96,95.88,,Card,Pending,
ORD-00251,2023-05-01,Ashanti,Home & Kitchen,Pillow Set,2,228.08,456.16,13,Card,Delivered,4
ORD-00252,2023-07-18,Volta,Books & Stationery,Notebook Set,6,81.09,486.54,1,MoMo,Returned,
ORD-00253,2023-08-02,Greater Accra,Books & Stationery,Notebook Set,1,95.14,95.14,7,MoMo,Delivered,5
ORD-00254,2023-11-21,Western,Home & Kitchen,Kettle,2,367.51,735.02,5,MoMo,Delivered,5
ORD-00255,2023-07-20,Greater Accra,Beauty & Health,Hair Extensions,4,196.12,784.48,7,Cash on Delivery,Returned,
ORD-00256,2023-03-27,Ashanti,Beauty & Health,Lip Gloss,2,53.36,106.72,9,MoMo,Delivered,3
ORD-00257,2023-08-28,Greater Accra,Fashion,Sunglasses,4,336.12,1344.48,11,Cash on Delivery,Returned,
ORD-00258,2023-02-04,Ashanti,Electronics,Bluetooth Speaker,3,569.85,1709.55,7,Cash on Delivery,Delivered,5
ORD-00259,2023-11-22,Volta,Books & Stationery,BECE Study Guide,6,19.29,115.74,,MoMo,Pending,
ORD-00260,2023-03-30,Greater Accra,Home & Kitchen,Kettle,1,336.54,336.54,,Card,Cancelled,
ORD-00261,2023-03-29,Greater Accra,Electronics,Smartphone,3,182.7,548.1,8,MoMo,Delivered,5
ORD-00262,2023-08-12,Eastern,Home & Kitchen,Knife Set,2,238.18,476.36,,Cash on Delivery,Pending,
ORD-00263,2023-07-05,Ashanti,Books & Stationery,Novel,1,69.7,69.7,2,Cash on Delivery,Delivered,5
ORD-00264,2023-11-24,Western,Electronics,USB Hub,2,932.75,1865.5,2,MoMo,Delivered,4
ORD-00265,2023-06-10,Ashanti,Electronics,Earbuds,3,904.28,2712.84,5,Card,Delivered,3
ORD-00266,2023-12-19,Ashanti,Home & Kitchen,Bedsheets,3,248.3,744.9,14,Cash on Delivery,Delivered,2
ORD-00267,2023-08-10,Eastern,Fashion,Men's Watch,4,218.68,874.72,,MoMo,Cancelled,
ORD-00268,2023-03-10,Greater Accra,Home & Kitchen,Knife Set,1,156.72,156.72,,Cash on Delivery,Pending,
ORD-00269,2023-01-04,Greater Accra,Electronics,Smartphone,3,904.49,2713.47,1,Card,Delivered,5
ORD-00270,2023-09-07,Greater Accra,Sports & Outdoors,Resistance Bands,1,212.41,212.41,,Card,Cancelled,
ORD-00271,2023-08-28,Greater Accra,Home & Kitchen,Blender,1,293.1,293.1,6,MoMo,Delivered,4
ORD-00272,2023-05-30,Western,Beauty & Health,Lip Gloss,1,210.42,210.42,,Card,Pending,
ORD-00273,2023-05-05,Volta,Home & Kitchen,Bedsheets,3,108.3,324.9,,Card,Pending,
ORD-00274,2023-05-31,Ashanti,Sports & Outdoors,Gym Gloves,3,198.07,594.21,14,Cash on Delivery,Delivered,5
ORD-00275,2023-09-08,Western,Home & Kitchen,Bedsheets,1,309.87,309.87,,MoMo,Pending,
ORD-00276,2023-01-04,Greater Accra,Beauty & Health,Hair Extensions,2,214.56,429.12,14,MoMo,Delivered,4
ORD-00277,2023-10-18,Greater Accra,Books & Stationery,BECE Study Guide,2,54.19,108.38,4,Cash on Delivery,Delivered,3
ORD-00278,2023-04-18,Upper East,Sports & Outdoors,Gym Gloves,3,21.64,64.92,13,MoMo,Delivered,5
ORD-00279,2023-03-10,Greater Accra,Books & Stationery,Notebook Set,1,73.49,73.49,,Cash on Delivery,Cancelled,
ORD-00280,2023-01-20,Greater Accra,Books & Stationery,Scientific Calculator,1,83.49,83.49,3,MoMo,Delivered,3
ORD-00281,2023-03-10,Greater Accra,Sports & Outdoors,Running Shoes,1,295.54,295.54,6,MoMo,Delivered,2
ORD-00282,2023-09-11,Greater Accra,Fashion,Ladies Bag,3,443.61,1330.83,,Card,Cancelled,
ORD-00283,2023-08-25,Western,Fashion,Jeans,1,196.12,196.12,,Cash on Delivery,Cancelled,
ORD-00284,2023-05-12,Greater Accra,Electronics,Bluetooth Speaker,3,562.57,1687.71,12,MoMo,Returned,
ORD-00285,2023-01-09,Eastern,Books & Stationery,WAEC Past Questions,5,25.65,128.25,13,Cash on Delivery,Delivered,4
ORD-00286,2023-06-27,Eastern,Books & Stationery,WAEC Past Questions,2,46.12,92.24,,MoMo,Cancelled,
ORD-00287,2023-03-08,Eastern,Sports & Outdoors,Gym Gloves,2,139.99,279.98,12,MoMo,Delivered,5
ORD-00288,2023-11-23,Volta,Sports & Outdoors,Yoga Mat,2,251.97,503.94,11,MoMo,Delivered,4
ORD-00289,2023-01-17,Central,Sports & Outdoors,Sports Bag,1,190.95,190.95,3,Card,Returned,
ORD-00290,2023-06-02,Eastern,Books & Stationery,Pens (box),4,30.65,122.6,4,Cash on Delivery,Returned,
ORD-00291,2023-01-14,Greater Accra,Sports & Outdoors,Yoga Mat,3,79.72,239.16,12,MoMo,Delivered,5
ORD-00292,2023-09-15,Western,Home & Kitchen,Pillow Set,2,158.67,317.34,4,MoMo,Delivered,4
ORD-00293,2023-06-08,Western,Electronics,Bluetooth Speaker,3,608.67,1826.01,10,Cash on Delivery,Delivered,5
ORD-00294,2023-05-16,Greater Accra,Fashion,Cap,3,408.0,1224.0,10,Card,Delivered,4
ORD-00295,2023-05-08,Greater Accra,Sports & Outdoors,Resistance Bands,2,193.28,386.56,11,MoMo,Delivered,4
ORD-00296,2023-06-12,Greater Accra,Beauty & Health,Hair Extensions,1,109.47,109.47,,MoMo,Pending,
ORD-00297,2023-05-07,Greater Accra,Beauty & Health,Vitamins,5,202.48,1012.4,10,Card,Delivered,3
ORD-00298,2023-05-15,Western,Electronics,USB Hub,2,334.27,668.54,,MoMo,Cancelled,
ORD-00299,2023-01-19,Greater Accra,Fashion,Sneakers,4,421.11,1684.44,6,Cash on Delivery,Delivered,3
ORD-00300,2023-10-27,Ashanti,Electronics,USB Hub,1,1227.23,1227.23,5,Card,Delivered,4
ORD-00301,2023-08-18,Western,Sports & Outdoors,Gym Gloves,2,296.85,593.7,10,Cash on Delivery,Returned,
ORD-00302,2023-12-30,Volta,Home & Kitchen,Non-stick Pan,1,174.76,174.76,7,MoMo,Delivered,3
ORD-00303,2023-07-19,Ashanti,Home & Kitchen,Blender,2,189.45,378.9,,Cash on Delivery,Pending,
ORD-00304,2023-10-10,Ashanti,Fashion,Jeans,2,197.18,394.36,14,Cash on Delivery,Returned,
ORD-00305,2023-08-26,Western,Beauty & Health,Shampoo,1,157.82,157.82,,Card,Pending,
ORD-00306,2023-06-06,Ashanti,Beauty & Health,Face Cream,2,16.11,32.22,6,Cash on Delivery,Delivered,5
ORD-00307,2023-03-31,Greater Accra,Books & Stationery,WAEC Past Questions,1,41.2,41.2,13,Cash on Delivery,Delivered,2
ORD-00308,2023-10-10,Ashanti,Fashion,Cap,2,149.69,299.38,13,Cash on Delivery,Delivered,4
ORD-00309,2023-07-02,Western,Home & Kitchen,Non-stick Pan,1,130.4,130.4,7,MoMo,Delivered,5
ORD-00310,2023-03-13,Greater Accra,Electronics,Laptop Bag,3,587.29,1761.87,6,MoMo,Delivered,5
ORD-00311,2023-01-21,Ashanti,Fashion,Ladies Bag,4,37.62,150.48,5,Cash on Delivery,Returned,
ORD-00312,2023-11-22,Greater Accra,Books & Stationery,WAEC Past Questions,2,8.97,17.94,,Cash on Delivery,Cancelled,
ORD-00313,2023-11-13,Upper East,Electronics,Earbuds,2,45.59,91.18,9,MoMo,Delivered,3
ORD-00314,2023-04-26,Northern,Fashion,Ankara Dress,4,443.76,1775.04,,Cash on Delivery,Pending,
ORD-00315,2023-02-01,Western,Electronics,Smartphone,2,1082.97,2165.94,5,MoMo,Delivered,4
ORD-00316,2023-06-29,Greater Accra,Sports & Outdoors,Jump Rope,2,42.7,85.4,,Cash on Delivery,Pending,
ORD-00317,2023-06-12,Eastern,Electronics,Smartwatch,1,1413.93,1413.93,4,MoMo,Delivered,5
ORD-00318,2023-04-24,Greater Accra,Sports & Outdoors,Water Bottle,3,99.95,299.85,5,Cash on Delivery,Delivered,5
ORD-00319,2023-05-11,Greater Accra,Books & Stationery,Pens (box),2,114.49,228.98,14,Cash on Delivery,Delivered,5
ORD-00320,2023-07-20,Greater Accra,Sports & Outdoors,Resistance Bands,2,83.19,166.38,14,MoMo,Delivered,5
ORD-00321,2023-09-22,Greater Accra,Fashion,Sunglasses,1,429.0,429.0,9,Card,Delivered,4
ORD-00322,2023-06-18,Ashanti,Fashion,Belt,3,85.0,255.0,12,Cash on Delivery,Delivered,5
ORD-00323,2023-05-27,Ashanti,Sports & Outdoors,Gym Gloves,2,81.65,163.3,,MoMo,Cancelled,
ORD-00324,2023-01-04,Central,Beauty & Health,Perfume,4,135.17,540.68,3,MoMo,Delivered,3
ORD-00325,2023-01-28,Western,Sports & Outdoors,Football,2,243.66,487.32,9,Cash on Delivery,Delivered,4
ORD-00326,2023-11-04,Ashanti,Books & Stationery,Pens (box),5,95.44,477.2,8,Cash on Delivery,Delivered,2
ORD-00327,2023-07-06,Western,Home & Kitchen,Knife Set,3,106.46,319.38,8,MoMo,Delivered,2
ORD-00328,2023-02-22,Volta,Beauty & Health,Perfume,3,102.45,307.35,10,Cash on Delivery,Delivered,5
ORD-00329,2023-11-27,Central,Fashion,Belt,4,150.3,601.2,9,Cash on Delivery,Delivered,3
ORD-00330,2023-08-07,Greater Accra,Fashion,Ladies Bag,2,50.89,101.78,,MoMo,Cancelled,
ORD-00331,2023-01-12,Greater Accra,Electronics,Phone Case,3,1332.83,3998.49,2,MoMo,Delivered,3
ORD-00332,2023-12-30,Upper East,Home & Kitchen,Pillow Set,2,272.77,545.54,5,Card,Delivered,2
ORD-00333,2023-08-11,Ashanti,Electronics,Phone Case,3,755.86,2267.58,4,Cash on Delivery,Delivered,5
ORD-00334,2023-06-13,Western,Electronics,USB Hub,3,579.02,1737.06,4,Card,Delivered,3
ORD-00335,2023-04-25,Greater Accra,Home & Kitchen,Bedsheets,2,85.2,170.4,4,MoMo,Returned,
ORD-00336,2023-08-20,Greater Accra,Electronics,Smartwatch,2,109.33,218.66,,Cash on Delivery,Cancelled,
ORD-00337,2023-07-27,Greater Accra,Sports & Outdoors,Water Bottle,1,209.81,209.81,4,MoMo,Delivered,5
ORD-00338,2023-04-11,Ashanti,Home & Kitchen,Bedsheets,3,377.82,1133.46,,MoMo,Pending,
ORD-00339,2023-10-05,Ashanti,Sports & Outdoors,Football,2,164.33,328.66,4,Cash on Delivery,Delivered,5
ORD-00340,2023-02-18,Greater Accra,Fashion,Belt,1,442.53,442.53,7,MoMo,Delivered,4
ORD-00341,2023-05-27,Upper East,Books & Stationery,Novel,3,82.48,247.44,,Card,Pending,
ORD-00342,2023-03-15,Northern,Beauty & Health,Face Cream,4,19.52,78.08,,MoMo,Cancelled,
ORD-00343,2023-12-26,Ashanti,Home & Kitchen,Bedsheets,1,129.94,129.94,,MoMo,Pending,
ORD-00344,2023-11-22,Ashanti,Electronics,Smartwatch,1,636.91,636.91,14,MoMo,Delivered,3
ORD-00345,2023-08-02,Ashanti,Home & Kitchen,Knife Set,2,224.33,448.66,,Cash on Delivery,Pending,
ORD-00346,2023-11-23,Western,Beauty & Health,Shampoo,1,126.64,126.64,5,Cash on Delivery,Delivered,3
ORD-00347,2023-11-21,Ashanti,Books & Stationery,Scientific Calculator,6,19.69,118.14,11,MoMo,Delivered,4
ORD-00348,2023-05-04,Western,Sports & Outdoors,Resistance Bands,3,264.68,794.04,,MoMo,Pending,
ORD-00349,2023-06-03,Greater Accra,Books & Stationery,Notebook Set,2,73.08,146.16,,Cash on Delivery,Pending,
ORD-00350,2023-11-22,Ashanti,Sports & Outdoors,Football,3,142.63,427.89,,MoMo,Cancelled,
ORD-00351,2023-06-21,Western,Beauty & Health,Face Cream,4,173.3,693.2,9,MoMo,Delivered,4
ORD-00352,2023-09-20,Upper East,Fashion,Sunglasses,3,384.5,1153.5,10,MoMo,Delivered,4
ORD-00353,2023-10-13,Central,Fashion,Sneakers,1,426.55,426.55,13,Card,Delivered,4
ORD-00354,2023-12-09,Central,Books & Stationery,WAEC Past Questions,6,16.38,98.28,3,MoMo,Delivered,4
ORD-00355,2023-06-07,Central,Fashion,Sneakers,1,397.95,397.95,13,MoMo,Delivered,5
ORD-00356,2023-03-10,Ashanti,Home & Kitchen,Food Flask,2,224.65,449.3,13,MoMo,Delivered,5
ORD-00357,2023-01-12,Greater Accra,Beauty & Health,Vitamins,3,223.38,670.14,2,Cash on Delivery,Delivered,5
ORD-00358,2023-07-02,Ashanti,Beauty & Health,Lip Gloss,2,240.91,481.82,,MoMo,Pending,
ORD-00359,2023-01-02,Western,Fashion,Sunglasses,1,195.07,195.07,9,MoMo,Delivered,3
ORD-00360,2023-12-01,Central,Books & Stationery,Notebook Set,3,41.64,124.92,5,MoMo,Returned,
ORD-00361,2023-03-31,Eastern,Fashion,Men's Watch,1,352.29,352.29,11,MoMo,Delivered,5
ORD-00362,2023-07-11,Greater Accra,Fashion,Belt,1,183.25,183.25,,MoMo,Pending,
ORD-00363,2023-12-22,Greater Accra,Electronics,Power Bank,1,712.37,712.37,6,MoMo,Delivered,5
ORD-00364,2023-12-24,Central,Home & Kitchen,Kettle,1,230.8,230.8,14,MoMo,Delivered,2
ORD-00365,2023-12-16,Eastern,Electronics,Phone Case,3,1215.34,3646.02,,MoMo,Cancelled,
ORD-00366,2023-05-09,Greater Accra,Electronics,USB Hub,3,985.19,2955.57,,MoMo,Pending,
ORD-00367,2023-07-30,Northern,Sports & Outdoors,Football,3,87.24,261.72,9,Card,Delivered,5
ORD-00368,2023-04-01,Western,Books & Stationery,Pens (box),5,59.19,295.95,7,MoMo,Delivered,4
ORD-00369,2023-09-17,Ashanti,Electronics,Phone Case,3,575.92,1727.76,,MoMo,Cancelled,
ORD-00370,2023-08-29,Western,Electronics,Bluetooth Speaker,2,583.16,1166.32,,Cash on Delivery,Cancelled,
ORD-00371,2023-09-28,Ashanti,Beauty & Health,Vitamins,5,155.52,777.6,14,MoMo,Delivered,5
ORD-00372,2023-08-12,Ashanti,Home & Kitchen,Blender,3,47.14,141.42,,MoMo,Cancelled,
ORD-00373,2023-07-15,Ashanti,Beauty & Health,Vitamins,1,128.88,128.88,13,Card,Delivered,3
ORD-00374,2023-06-20,Greater Accra,Electronics,USB Hub,1,873.19,873.19,,Card,Pending,
ORD-00375,2023-05-16,Upper East,Sports & Outdoors,Running Shoes,3,295.42,886.26,,MoMo,Pending,
ORD-00376,2023-12-31,Greater Accra,Fashion,Belt,4,224.01,896.04,6,MoMo,Delivered,4
ORD-00377,2023-04-17,Greater Accra,Fashion,Sunglasses,3,314.35,943.05,12,Cash on Delivery,Delivered,4
ORD-00378,2023-12-24,Ashanti,Books & Stationery,Pens (box),2,119.65,239.3,4,Cash on Delivery,Returned,
ORD-00379,2023-10-11,Greater Accra,Electronics,Earbuds,2,854.13,1708.26,,Cash on Delivery,Pending,
ORD-00380,2023-09-07,Ashanti,Home & Kitchen,Kettle,1,106.25,106.25,2,Cash on Delivery,Delivered,1
ORD-00381,2023-12-10,Greater Accra,Electronics,Earbuds,1,788.67,788.67,,Cash on Delivery,Pending,
ORD-00382,2023-07-04,Northern,Books & Stationery,WAEC Past Questions,2,88.35,176.7,,MoMo,Pending,
ORD-00383,2023-01-27,Western,Beauty & Health,Perfume,5,115.28,576.4,3,MoMo,Delivered,3
ORD-00384,2023-05-11,Northern,Sports & Outdoors,Football,2,206.41,412.82,,MoMo,Cancelled,
ORD-00385,2023-04-14,Ashanti,Home & Kitchen,Bedsheets,3,42.07,126.21,4,MoMo,Delivered,2
ORD-00386,2023-02-18,Greater Accra,Books & Stationery,Notebook Set,6,23.25,139.5,,MoMo,Cancelled,
ORD-00387,2023-10-29,Ashanti,Electronics,Smartwatch,3,707.42,2122.26,14,MoMo,Delivered,5
ORD-00388,2023-07-28,Western,Sports & Outdoors,Football,3,58.51,175.53,,Cash on Delivery,Pending,
ORD-00389,2023-04-23,Greater Accra,Home & Kitchen,Knife Set,2,354.51,709.02,,Cash on Delivery,Pending,
ORD-00390,2023-10-23,Ashanti,Fashion,Jeans,4,26.36,105.44,9,MoMo,Delivered,4
ORD-00391,2023-01-10,Western,Books & Stationery,Pens (box),2,66.96,133.92,,MoMo,Pending,
ORD-00392,2023-12-20,Eastern,Electronics,Earbuds,2,620.39,1240.78,,Card,Pending,
ORD-00393,2023-03-14,Ashanti,Fashion,Sunglasses,4,330.73,1322.92,11,MoMo,Delivered,3
ORD-00394,2023-09-29,Ashanti,Books & Stationery,BECE Study Guide,1,100.86,100.86,7,MoMo,Delivered,5
ORD-00395,2023-12-16,Western,Electronics,Earbuds,1,1194.35,1194.35,9,Cash on Delivery,Delivered,4
ORD-00396,2023-03-03,Upper East,Electronics,Smartphone,1,615.69,615.69,5,MoMo,Delivered,1
ORD-00397,2023-11-29,Greater Accra,Fashion,Cap,2,295.39,590.78,,MoMo,Pending,
ORD-00398,2023-02-12,Western,Fashion,Men's Watch,1,365.34,365.34,7,MoMo,Returned,
ORD-00399,2023-11-03,Greater Accra,Home & Kitchen,Knife Set,1,210.75,210.75,4,Cash on Delivery,Delivered,2
ORD-00400,2023-06-27,Ashanti,Sports & Outdoors,Jump Rope,2,123.9,247.8,,MoMo,Pending,
ORD-00401,2023-10-21,Central,Fashion,Ankara Dress,3,162.02,486.06,4,MoMo,Delivered,3
ORD-00402,2023-12-27,Greater Accra,Beauty & Health,Perfume,3,242.22,726.66,4,Cash on Delivery,Delivered,3
ORD-00403,2023-08-17,Greater Accra,Home & Kitchen,Food Flask,3,270.95,812.85,1,Card,Delivered,4
ORD-00404,2023-07-31,Ashanti,Books & Stationery,WAEC Past Questions,5,53.35,266.75,11,MoMo,Delivered,4
ORD-00405,2023-11-15,Greater Accra,Electronics,Power Bank,3,751.07,2253.21,9,MoMo,Delivered,2
ORD-00406,2023-09-18,Greater Accra,Electronics,Phone Case,1,490.31,490.31,14,MoMo,Delivered,5
ORD-00407,2023-02-18,Eastern,Electronics,Earbuds,1,851.73,851.73,8,Card,Returned,
ORD-00408,2023-03-28,Eastern,Beauty & Health,Hair Extensions,4,59.5,238.0,1,Cash on Delivery,Returned,
ORD-00409,2023-12-23,Western,Sports & Outdoors,Sports Bag,1,88.86,88.86,11,Cash on Delivery,Delivered,4
ORD-00410,2023-06-17,Ashanti,Books & Stationery,Pens (box),4,105.87,423.48,7,MoMo,Delivered,5
ORD-00411,2023-12-25,Central,Home & Kitchen,Non-stick Pan,1,162.26,162.26,3,Cash on Delivery,Delivered,4
ORD-00412,2023-12-21,Greater Accra,Home & Kitchen,Bedsheets,3,175.3,525.9,13,MoMo,Delivered,4
ORD-00413,2023-12-19,Greater Accra,Books & Stationery,Pens (box),4,19.43,77.72,9,MoMo,Delivered,5
ORD-00414,2023-12-08,Ashanti,Sports & Outdoors,Jump Rope,3,238.9,716.7,3,Card,Delivered,5
ORD-00415,2023-07-13,Western,Fashion,Belt,4,385.31,1541.24,,Cash on Delivery,Cancelled,
ORD-00416,2023-02-19,Ashanti,Beauty & Health,Shampoo,3,114.74,344.22,,MoMo,Cancelled,
ORD-00417,2023-10-25,Upper East,Sports & Outdoors,Jump Rope,3,216.8,650.4,7,MoMo,Delivered,5
ORD-00418,2023-12-12,Greater Accra,Home & Kitchen,Food Flask,2,161.05,322.1,4,MoMo,Delivered,4
ORD-00419,2023-03-09,Ashanti,Sports & Outdoors,Jump Rope,2,131.69,263.38,11,MoMo,Delivered,4
ORD-00420,2023-08-01,Ashanti,Books & Stationery,Pens (box),4,102.42,409.68,5,Cash on Delivery,Delivered,5
ORD-00421,2023-02-19,Greater Accra,Books & Stationery,BECE Study Guide,1,53.61,53.61,,Card,Cancelled,
ORD-00422,2023-02-22,Ashanti,Sports & Outdoors,Sports Bag,2,192.88,385.76,14,Card,Returned,
ORD-00423,2023-10-17,Greater Accra,Books & Stationery,Novel,1,26.36,26.36,,Cash on Delivery,Pending,
ORD-00424,2023-10-29,Greater Accra,Books & Stationery,Scientific Calculator,3,68.12,204.36,13,Cash on Delivery,Delivered,5
ORD-00425,2023-04-19,Volta,Electronics,Phone Case,2,1310.02,2620.04,,Cash on Delivery,Cancelled,
ORD-00426,2023-12-26,Greater Accra,Beauty & Health,Face Cream,3,199.85,599.55,3,Card,Delivered,4
ORD-00427,2023-02-25,Greater Accra,Home & Kitchen,Blender,1,129.2,129.2,11,Cash on Delivery,Delivered,5
ORD-00428,2023-08-18,Western,Home & Kitchen,Blender,3,187.87,563.61,3,MoMo,Delivered,5
ORD-00429,2023-05-31,Ashanti,Sports & Outdoors,Sports Bag,1,181.77,181.77,2,MoMo,Delivered,5
ORD-00430,2023-07-13,Ashanti,Books & Stationery,Pens (box),5,56.45,282.25,12,MoMo,Delivered,4
ORD-00431,2023-06-08,Western,Fashion,Ladies Bag,4,187.34,749.36,4,MoMo,Returned,
ORD-00432,2023-11-22,Western,Fashion,Sneakers,2,138.84,277.68,,Cash on Delivery,Pending,
ORD-00433,2023-04-03,Ashanti,Fashion,Jeans,4,355.93,1423.72,1,Card,Delivered,5
ORD-00434,2023-10-12,Greater Accra,Sports & Outdoors,Football,3,60.12,180.36,3,MoMo,Delivered,4
ORD-00435,2023-11-22,Western,Books & Stationery,Scientific Calculator,5,97.91,489.55,3,Cash on Delivery,Delivered,5
ORD-00436,2023-03-05,Ashanti,Sports & Outdoors,Water Bottle,1,114.65,114.65,,Cash on Delivery,Cancelled,
ORD-00437,2023-05-14,Greater Accra,Books & Stationery,Pens (box),4,21.44,85.76,4,Cash on Delivery,Returned,
ORD-00438,2023-08-05,Greater Accra,Beauty & Health,Shampoo,1,77.11,77.11,,MoMo,Pending,
ORD-00439,2023-02-11,Ashanti,Sports & Outdoors,Running Shoes,2,227.55,455.1,10,MoMo,Delivered,4
ORD-00440,2023-02-28,Eastern,Books & Stationery,Scientific Calculator,4,32.24,128.96,8,Cash on Delivery,Returned,
ORD-00441,2023-12-13,Ashanti,Sports & Outdoors,Water Bottle,2,294.08,588.16,2,MoMo,Delivered,4
ORD-00442,2023-08-12,Greater Accra,Fashion,Ladies Bag,2,87.18,174.36,11,MoMo,Delivered,3
ORD-00443,2023-12-20,Greater Accra,Home & Kitchen,Kettle,1,180.66,180.66,,MoMo,Cancelled,
ORD-00444,2023-07-30,Ashanti,Sports & Outdoors,Sports Bag,2,158.04,316.08,,MoMo,Cancelled,
ORD-00445,2023-03-13,Western,Electronics,Bluetooth Speaker,3,955.27,2865.81,11,Cash on Delivery,Delivered,4
ORD-00446,2023-07-12,Western,Electronics,USB Hub,3,596.79,1790.37,8,Cash on Delivery,Delivered,4
ORD-00447,2023-01-07,Greater Accra,Beauty & Health,Hair Extensions,5,205.49,1027.45,5,Cash on Delivery,Returned,
ORD-00448,2023-12-03,Eastern,Beauty & Health,Hair Extensions,1,189.77,189.77,3,MoMo,Delivered,5
ORD-00449,2023-12-28,Greater Accra,Home & Kitchen,Curtains,3,116.47,349.41,13,Cash on Delivery,Delivered,3
ORD-00450,2023-07-14,Greater Accra,Electronics,Laptop Bag,2,415.69,831.38,7,Cash on Delivery,Delivered,5
ORD-00451,2023-02-28,Western,Home & Kitchen,Non-stick Pan,3,236.02,708.06,10,Cash on Delivery,Returned,
ORD-00452,2023-05-16,Greater Accra,Beauty & Health,Beard Oil,3,186.65,559.95,7,Cash on Delivery,Delivered,3
ORD-00453,2023-01-26,Greater Accra,Sports & Outdoors,Water Bottle,1,221.42,221.42,8,Card,Delivered,4
ORD-00454,2023-04-06,Greater Accra,Books & Stationery,Scientific Calculator,5,114.57,572.85,,Card,Pending,
ORD-00455,2023-04-19,Greater Accra,Electronics,Bluetooth Speaker,2,746.21,1492.42,11,MoMo,Delivered,4
ORD-00456,2023-02-10,Volta,Fashion,Belt,4,334.31,1337.24,5,Card,Delivered,4
ORD-00457,2023-05-27,Greater Accra,Electronics,Earbuds,2,139.47,278.94,13,Cash on Delivery,Delivered,4
ORD-00458,2023-04-28,Greater Accra,Sports & Outdoors,Yoga Mat,3,80.4,241.2,,Cash on Delivery,Cancelled,
ORD-00459,2023-06-10,Ashanti,Fashion,Sneakers,4,277.19,1108.76,12,Cash on Delivery,Delivered,4
ORD-00460,2023-07-08,Western,Books & Stationery,Notebook Set,3,57.08,171.24,11,MoMo,Delivered,4
ORD-00461,2023-07-11,Ashanti,Home & Kitchen,Non-stick Pan,1,257.0,257.0,7,Cash on Delivery,Delivered,3
ORD-00462,2023-08-14,Central,Sports & Outdoors,Water Bottle,2,244.13,488.26,,Card,Cancelled,
ORD-00463,2023-05-20,Greater Accra,Sports & Outdoors,Resistance Bands,2,262.26,524.52,7,Cash on Delivery,Delivered,2
ORD-00464,2023-01-06,Ashanti,Sports & Outdoors,Water Bottle,3,169.23,507.69,,MoMo,Cancelled,
ORD-00465,2023-02-26,Greater Accra,Sports & Outdoors,Yoga Mat,1,46.52,46.52,8,MoMo,Delivered,5
ORD-00466,2023-09-14,Central,Home & Kitchen,Knife Set,3,173.82,521.46,2,Card,Delivered,5
ORD-00467,2023-04-04,Eastern,Home & Kitchen,Knife Set,3,200.13,600.39,2,Cash on Delivery,Delivered,5
ORD-00468,2023-03-12,Western,Fashion,Sneakers,1,265.62,265.62,14,MoMo,Delivered,5
ORD-00469,2023-12-11,Greater Accra,Electronics,Smartwatch,3,313.13,939.39,2,Card,Returned,
ORD-00470,2023-05-16,Greater Accra,Books & Stationery,BECE Study Guide,3,84.57,253.71,,MoMo,Pending,
ORD-00471,2023-07-16,Greater Accra,Sports & Outdoors,Yoga Mat,3,81.05,243.15,7,MoMo,Delivered,4
ORD-00472,2023-04-14,Central,Fashion,Jeans,4,47.43,189.72,2,Card,Delivered,3
ORD-00473,2023-01-20,Greater Accra,Sports & Outdoors,Sports Bag,3,138.05,414.15,,MoMo,Cancelled,
ORD-00474,2023-11-14,Upper East,Books & Stationery,Scientific Calculator,6,106.25,637.5,,Cash on Delivery,Cancelled,
ORD-00475,2023-03-23,Ashanti,Electronics,Power Bank,2,1072.6,2145.2,6,Cash on Delivery,Returned,
ORD-00476,2023-05-26,Ashanti,Books & Stationery,WAEC Past Questions,1,89.91,89.91,,Card,Pending,
ORD-00477,2023-08-14,Volta,Electronics,Bluetooth Speaker,1,1445.41,1445.41,4,Card,Delivered,5
ORD-00478,2023-07-05,Upper East,Beauty & Health,Beard Oil,4,205.78,823.12,9,MoMo,Delivered,4
ORD-00479,2023-04-22,Greater Accra,Home & Kitchen,Curtains,1,98.31,98.31,,Cash on Delivery,Pending,
ORD-00480,2023-04-16,Greater Accra,Home & Kitchen,Food Flask,2,353.16,706.32,12,MoMo,Returned,
ORD-00481,2023-09-24,Central,Books & Stationery,Notebook Set,3,18.76,56.28,1,Cash on Delivery,Delivered,4
ORD-00482,2023-02-15,Greater Accra,Home & Kitchen,Food Flask,2,271.64,543.28,,Cash on Delivery,Pending,
ORD-00483,2023-11-11,Central,Home & Kitchen,Knife Set,2,90.28,180.56,8,MoMo,Delivered,4
ORD-00484,2023-02-10,Volta,Beauty & Health,Beard Oil,2,95.72,191.44,12,Cash on Delivery,Delivered,5
ORD-00485,2023-01-30,Greater Accra,Electronics,Power Bank,1,729.29,729.29,,MoMo,Pending,
ORD-00486,2023-10-21,Greater Accra,Fashion,Sneakers,4,354.56,1418.24,8,MoMo,Delivered,4
ORD-00487,2023-10-09,Ashanti,Home & Kitchen,Pillow Set,2,207.2,414.4,8,Cash on Delivery,Delivered,5
ORD-00488,2023-11-05,Greater Accra,Beauty & Health,Shampoo,4,184.83,739.32,1,Card,Delivered,3
ORD-00489,2023-06-24,Central,Beauty & Health,Body Lotion,5,39.86,199.3,3,Cash on Delivery,Delivered,5
ORD-00490,2023-01-03,Western,Home & Kitchen,Curtains,3,126.21,378.63,6,MoMo,Delivered,5
ORD-00491,2023-05-24,Greater Accra,Electronics,Smartphone,2,887.63,1775.26,3,Cash on Delivery,Delivered,5
ORD-00492,2023-09-26,Western,Books & Stationery,Notebook Set,1,16.17,16.17,13,MoMo,Delivered,5
ORD-00493,2023-07-16,Ashanti,Books & Stationery,Novel,2,76.54,153.08,12,Cash on Delivery,Delivered,4
ORD-00494,2023-03-05,Volta,Beauty & Health,Face Cream,5,87.1,435.5,3,MoMo,Delivered,4
ORD-00495,2023-04-20,Ashanti,Sports & Outdoors,Water Bottle,3,174.8,524.4,14,Cash on Delivery,Delivered,5
ORD-00496,2023-06-29,Ashanti,Electronics,Earbuds,2,1022.29,2044.58,1,MoMo,Delivered,4
ORD-00497,2023-03-30,Volta,Fashion,Belt,2,371.4,742.8,,MoMo,Cancelled,
ORD-00498,2023-08-26,Ashanti,Fashion,Sneakers,3,58.34,175.02,5,MoMo,Delivered,4
ORD-00499,2023-06-07,Greater Accra,Electronics,USB Hub,2,137.06,274.12,11,MoMo,Returned,
ORD-00500,2023-11-17,Greater Accra,Books & Stationery,Pens (box),2,86.93,173.86,14,MoMo,Delivered,4
ORD-00501,2023-09-03,Greater Accra,Electronics,Power Bank,3,87.49,262.47,14,Cash on Delivery,Returned,
ORD-00502,2023-03-11,Ashanti,Fashion,Men's Watch,2,325.46,650.92,12,Cash on Delivery,Delivered,3
ORD-00503,2023-01-29,Northern,Sports & Outdoors,Running Shoes,2,277.8,555.6,1,MoMo,Returned,
ORD-00504,2023-05-18,Greater Accra,Sports & Outdoors,Sports Bag,3,285.44,856.32,2,MoMo,Delivered,4
ORD-00505,2023-01-07,Northern,Electronics,Power Bank,3,1222.66,3667.98,10,Card,Delivered,5
ORD-00506,2023-09-26,Eastern,Electronics,Phone Case,3,1058.01,3174.03,10,MoMo,Delivered,5
ORD-00507,2023-04-16,Greater Accra,Sports & Outdoors,Resistance Bands,1,37.82,37.82,4,MoMo,Returned,
ORD-00508,2023-12-14,Ashanti,Home & Kitchen,Curtains,2,148.88,297.76,3,Cash on Delivery,Returned,
ORD-00509,2023-12-17,Ashanti,Home & Kitchen,Bedsheets,1,283.89,283.89,,MoMo,Cancelled,
ORD-00510,2023-01-29,Greater Accra,Electronics,Earbuds,3,539.23,1617.69,7,MoMo,Delivered,5
ORD-00511,2023-06-24,Northern,Home & Kitchen,Blender,2,375.21,750.42,8,Cash on Delivery,Delivered,3
ORD-00512,2023-09-25,Ashanti,Sports & Outdoors,Sports Bag,3,168.72,506.16,,MoMo,Pending,
ORD-00513,2023-02-15,Upper East,Books & Stationery,Scientific Calculator,4,91.86,367.44,1,MoMo,Delivered,5
ORD-00514,2023-06-28,Greater Accra,Sports & Outdoors,Yoga Mat,3,157.74,473.22,,MoMo,Cancelled,
ORD-00515,2023-06-23,Volta,Fashion,Sneakers,1,419.5,419.5,,Card,Pending,
ORD-00516,2023-09-28,Ashanti,Beauty & Health,Shampoo,3,247.07,741.21,4,Cash on Delivery,Delivered,5
ORD-00517,2023-10-26,Central,Sports & Outdoors,Sports Bag,1,259.01,259.01,3,MoMo,Delivered,5
ORD-00518,2023-04-20,Greater Accra,Home & Kitchen,Pillow Set,3,150.29,450.87,6,MoMo,Delivered,4
ORD-00519,2023-04-17,Greater Accra,Sports & Outdoors,Running Shoes,3,236.4,709.2,1,MoMo,Delivered,4
ORD-00520,2023-08-20,Greater Accra,Sports & Outdoors,Yoga Mat,3,31.43,94.29,,Cash on Delivery,Pending,
ORD-00521,2023-08-05,Greater Accra,Beauty & Health,Perfume,5,109.89,549.45,,MoMo,Pending,
ORD-00522,2023-07-13,Central,Sports & Outdoors,Water Bottle,2,290.0,580.0,14,MoMo,Delivered,5
ORD-00523,2023-02-09,Ashanti,Books & Stationery,WAEC Past Questions,4,99.99,399.96,,MoMo,Cancelled,
ORD-00524,2023-09-23,Western,Books & Stationery,Scientific Calculator,1,115.94,115.94,6,MoMo,Delivered,5
ORD-00525,2023-11-27,Upper East,Sports & Outdoors,Sports Bag,3,272.99,818.97,,Cash on Delivery,Pending,
ORD-00526,2023-06-24,Greater Accra,Books & Stationery,BECE Study Guide,4,30.98,123.92,,Card,Pending,
ORD-00527,2023-04-09,Greater Accra,Home & Kitchen,Bedsheets,3,362.79,1088.37,13,MoMo,Delivered,4
ORD-00528,2023-02-03,Ashanti,Sports & Outdoors,Football,3,125.9,377.7,6,MoMo,Delivered,4
ORD-00529,2023-10-25,Eastern,Books & Stationery,Novel,5,52.75,263.75,12,Cash on Delivery,Delivered,5
ORD-00530,2023-03-20,Central,Sports & Outdoors,Running Shoes,2,174.5,349.0,1,Cash on Delivery,Delivered,2
ORD-00531,2023-04-30,Greater Accra,Books & Stationery,Scientific Calculator,1,58.52,58.52,,Cash on Delivery,Cancelled,
ORD-00532,2023-07-07,Ashanti,Fashion,Sunglasses,2,191.54,383.08,9,MoMo,Returned,
ORD-00533,2023-10-13,Ashanti,Fashion,Ankara Dress,3,81.85,245.55,,MoMo,Cancelled,
ORD-00534,2023-05-29,Western,Electronics,Laptop Bag,1,502.69,502.69,,MoMo,Cancelled,
ORD-00535,2023-01-22,Greater Accra,Home & Kitchen,Kettle,1,134.21,134.21,,MoMo,Pending,
ORD-00536,2023-12-24,Central,Fashion,Ladies Bag,4,175.83,703.32,12,Cash on Delivery,Delivered,2
ORD-00537,2023-04-02,Greater Accra,Home & Kitchen,Kettle,1,265.07,265.07,9,Cash on Delivery,Returned,
ORD-00538,2023-03-05,Eastern,Fashion,Sneakers,1,172.02,172.02,4,MoMo,Delivered,5
ORD-00539,2023-10-14,Northern,Electronics,Smartwatch,1,1096.84,1096.84,7,MoMo,Delivered,2
ORD-00540,2023-10-18,Northern,Sports & Outdoors,Jump Rope,3,28.28,84.84,6,Cash on Delivery,Delivered,4
ORD-00541,2023-05-22,Western,Fashion,Jeans,4,27.73,110.92,4,Cash on Delivery,Delivered,1
ORD-00542,2023-10-26,Greater Accra,Home & Kitchen,Kettle,2,379.59,759.18,10,MoMo,Delivered,4
ORD-00543,2023-02-19,Greater Accra,Beauty & Health,Perfume,1,76.93,76.93,2,Cash on Delivery,Delivered,3
ORD-00544,2023-05-30,Greater Accra,Books & Stationery,Pens (box),3,113.11,339.33,7,MoMo,Delivered,5
ORD-00545,2023-03-26,Central,Fashion,Belt,1,141.4,141.4,10,MoMo,Delivered,5
ORD-00546,2023-12-19,Greater Accra,Books & Stationery,Novel,3,14.62,43.86,,Card,Pending,
ORD-00547,2023-06-28,Western,Sports & Outdoors,Water Bottle,2,301.18,602.36,12,MoMo,Delivered,3
ORD-00548,2023-12-13,Greater Accra,Fashion,Ankara Dress,4,138.66,554.64,,MoMo,Pending,
ORD-00549,2023-05-03,Central,Home & Kitchen,Food Flask,1,346.79,346.79,2,MoMo,Delivered,5
ORD-00550,2023-06-16,Northern,Fashion,Sneakers,1,196.31,196.31,,Card,Pending,
ORD-00551,2023-08-07,Greater Accra,Electronics,Earbuds,2,1026.61,2053.22,,MoMo,Cancelled,
ORD-00552,2023-11-25,Greater Accra,Electronics,Power Bank,2,789.06,1578.12,14,MoMo,Delivered,5
ORD-00553,2023-03-17,Greater Accra,Home & Kitchen,Food Flask,2,234.24,468.48,13,Card,Delivered,4
ORD-00554,2023-02-27,Central,Beauty & Health,Beard Oil,4,234.1,936.4,6,MoMo,Returned,
ORD-00555,2023-02-10,Eastern,Electronics,USB Hub,2,494.31,988.62,,Cash on Delivery,Pending,
ORD-00556,2023-01-20,Greater Accra,Home & Kitchen,Food Flask,1,333.08,333.08,14,Card,Delivered,2
ORD-00557,2023-10-30,Eastern,Books & Stationery,Notebook Set,2,48.5,97.0,7,Cash on Delivery,Delivered,4
ORD-00558,2023-02-13,Greater Accra,Sports & Outdoors,Gym Gloves,1,274.23,274.23,3,MoMo,Delivered,5
ORD-00559,2023-10-27,Ashanti,Fashion,Sunglasses,2,71.94,143.88,3,MoMo,Returned,
ORD-00560,2023-03-23,Ashanti,Fashion,Jeans,4,192.5,770.0,,Cash on Delivery,Cancelled,
ORD-00561,2023-01-31,Central,Home & Kitchen,Bedsheets,3,367.53,1102.59,,Cash on Delivery,Cancelled,
ORD-00562,2023-08-10,Central,Sports & Outdoors,Gym Gloves,3,86.8,260.4,9,Cash on Delivery,Delivered,4
ORD-00563,2023-01-28,Greater Accra,Sports & Outdoors,Jump Rope,3,194.84,584.52,3,Cash on Delivery,Delivered,5
ORD-00564,2023-08-08,Eastern,Home & Kitchen,Kettle,3,138.1,414.3,13,MoMo,Delivered,2
ORD-00565,2023-05-31,Ashanti,Sports & Outdoors,Resistance Bands,3,58.99,176.97,9,MoMo,Delivered,5
ORD-00566,2023-10-15,Volta,Books & Stationery,WAEC Past Questions,2,35.79,71.58,11,Cash on Delivery,Delivered,3
ORD-00567,2023-09-06,Northern,Books & Stationery,Pens (box),1,72.19,72.19,11,MoMo,Delivered,4
ORD-00568,2023-04-04,Eastern,Fashion,Belt,2,147.49,294.98,5,MoMo,Delivered,3
ORD-00569,2023-03-24,Western,Books & Stationery,Pens (box),5,31.61,158.05,,MoMo,Pending,
ORD-00570,2023-09-17,Central,Beauty & Health,Lip Gloss,2,206.03,412.06,9,Cash on Delivery,Delivered,5
ORD-00571,2023-12-18,Ashanti,Fashion,Cap,4,123.55,494.2,3,Cash on Delivery,Delivered,5
ORD-00572,2023-12-11,Ashanti,Home & Kitchen,Curtains,3,187.42,562.26,4,Cash on Delivery,Delivered,4
ORD-00573,2023-07-31,Greater Accra,Sports & Outdoors,Yoga Mat,1,241.32,241.32,2,MoMo,Delivered,2
ORD-00574,2023-11-30,Western,Electronics,Earbuds,3,1420.51,4261.53,11,Cash on Delivery,Delivered,5
ORD-00575,2023-10-02,Ashanti,Beauty & Health,Hair Extensions,1,38.66,38.66,6,Cash on Delivery,Returned,
ORD-00576,2023-11-11,Greater Accra,Fashion,Jeans,3,398.52,1195.56,11,Card,Delivered,5
ORD-00577,2023-03-19,Ashanti,Home & Kitchen,Knife Set,2,55.81,111.62,13,Card,Delivered,2
ORD-00578,2023-09-08,Greater Accra,Sports & Outdoors,Sports Bag,1,182.37,182.37,13,MoMo,Delivered,3
ORD-00579,2023-11-02,Eastern,Home & Kitchen,Curtains,1,125.57,125.57,1,Cash on Delivery,Returned,
ORD-00580,2023-09-28,Greater Accra,Home & Kitchen,Food Flask,1,258.89,258.89,,Card,Pending,
ORD-00581,2023-06-22,Eastern,Electronics,Smartwatch,1,1033.89,1033.89,7,MoMo,Returned,
ORD-00582,2023-11-13,Ashanti,Fashion,Ankara Dress,1,91.79,91.79,,MoMo,Pending,
ORD-00583,2023-05-09,Greater Accra,Sports & Outdoors,Water Bottle,1,298.78,298.78,,MoMo,Cancelled,
ORD-00584,2023-02-19,Eastern,Fashion,Belt,3,60.84,182.52,,MoMo,Cancelled,
ORD-00585,2023-06-21,Greater Accra,Electronics,Laptop Bag,1,54.84,54.84,,MoMo,Pending,
ORD-00586,2023-02-23,Greater Accra,Books & Stationery,Notebook Set,4,113.27,453.08,8,MoMo,Delivered,5
ORD-00587,2023-09-18,Western,Books & Stationery,Novel,5,18.45,92.25,,MoMo,Pending,
ORD-00588,2023-03-13,Western,Books & Stationery,Pens (box),6,65.35,392.1,,Cash on Delivery,Cancelled,
ORD-00589,2023-05-12,Greater Accra,Home & Kitchen,Kettle,3,304.64,913.92,14,MoMo,Returned,
ORD-00590,2023-06-04,Greater Accra,Beauty & Health,Face Cream,2,35.73,71.46,5,Cash on Delivery,Delivered,5
ORD-00591,2023-06-25,Eastern,Electronics,Phone Case,2,1083.54,2167.08,,Cash on Delivery,Pending,
ORD-00592,2023-11-06,Greater Accra,Electronics,Laptop Bag,1,875.72,875.72,,MoMo,Cancelled,
ORD-00593,2023-09-05,Greater Accra,Sports & Outdoors,Resistance Bands,2,174.11,348.22,2,Cash on Delivery,Returned,
ORD-00594,2023-02-24,Ashanti,Sports & Outdoors,Sports Bag,2,178.8,357.6,7,Card,Returned,
ORD-00595,2023-08-12,Greater Accra,Sports & Outdoors,Resistance Bands,1,194.79,194.79,,MoMo,Pending,
ORD-00596,2023-03-21,Greater Accra,Books & Stationery,Pens (box),3,40.31,120.93,11,Card,Delivered,5
ORD-00597,2023-07-29,Ashanti,Sports & Outdoors,Sports Bag,1,192.4,192.4,8,MoMo,Delivered,2
ORD-00598,2023-04-26,Volta,Fashion,Men's Watch,2,354.91,709.82,4,MoMo,Delivered,5
ORD-00599,2023-06-16,Ashanti,Books & Stationery,Scientific Calculator,3,32.08,96.24,,Cash on Delivery,Cancelled,
ORD-00600,2023-05-27,Greater Accra,Sports & Outdoors,Resistance Bands,2,44.83,89.66,1,MoMo,Delivered,5
ORD-00601,2023-10-01,Ashanti,Sports & Outdoors,Sports Bag,1,286.11,286.11,6,Cash on Delivery,Delivered,3
ORD-00602,2023-12-02,Greater Accra,Books & Stationery,Pens (box),3,80.27,240.81,11,MoMo,Returned,
ORD-00603,2023-07-16,Greater Accra,Sports & Outdoors,Running Shoes,2,41.04,82.08,11,Cash on Delivery,Delivered,1
ORD-00604,2023-06-18,Greater Accra,Home & Kitchen,Curtains,1,180.71,180.71,7,Cash on Delivery,Delivered,5
ORD-00605,2023-05-14,Western,Beauty & Health,Face Cream,3,204.96,614.88,11,MoMo,Delivered,4
ORD-00606,2023-11-30,Greater Accra,Home & Kitchen,Blender,3,39.36,118.08,2,Card,Delivered,2
ORD-00607,2023-07-17,Volta,Electronics,Power Bank,1,614.97,614.97,4,Cash on Delivery,Returned,
ORD-00608,2023-09-30,Ashanti,Fashion,Jeans,4,234.44,937.76,5,Cash on Delivery,Delivered,4
ORD-00609,2023-04-12,Ashanti,Beauty & Health,Vitamins,5,25.12,125.6,,MoMo,Pending,
ORD-00610,2023-08-02,Greater Accra,Books & Stationery,WAEC Past Questions,4,115.88,463.52,2,MoMo,Returned,
ORD-00611,2023-10-19,Ashanti,Beauty & Health,Beard Oil,3,83.51,250.53,,Cash on Delivery,Cancelled,
ORD-00612,2023-09-13,Greater Accra,Beauty & Health,Perfume,4,45.5,182.0,5,MoMo,Delivered,5
ORD-00613,2023-06-19,Greater Accra,Sports & Outdoors,Jump Rope,3,60.83,182.49,1,MoMo,Returned,
ORD-00614,2023-01-14,Ashanti,Books & Stationery,Pens (box),4,84.45,337.8,1,MoMo,Delivered,3
ORD-00615,2023-04-09,Ashanti,Sports & Outdoors,Yoga Mat,1,89.36,89.36,,Cash on Delivery,Pending,
ORD-00616,2023-01-07,Greater Accra,Fashion,Sunglasses,3,444.92,1334.76,,MoMo,Pending,
ORD-00617,2023-05-07,Northern,Sports & Outdoors,Yoga Mat,3,87.42,262.26,4,Cash on Delivery,Delivered,5
ORD-00618,2023-11-01,Greater Accra,Home & Kitchen,Knife Set,1,116.37,116.37,4,MoMo,Delivered,4
ORD-00619,2023-12-12,Western,Fashion,Ladies Bag,2,383.61,767.22,8,Cash on Delivery,Delivered,4
ORD-00620,2023-03-18,Central,Sports & Outdoors,Running Shoes,3,37.76,113.28,8,Card,Delivered,5
ORD-00621,2023-05-22,Greater Accra,Sports & Outdoors,Resistance Bands,1,176.11,176.11,,Cash on Delivery,Pending,
ORD-00622,2023-06-03,Upper East,Books & Stationery,BECE Study Guide,1,36.61,36.61,,Card,Pending,
ORD-00623,2023-03-23,Greater Accra,Sports & Outdoors,Gym Gloves,2,195.54,391.08,,MoMo,Pending,
ORD-00624,2023-10-04,Northern,Sports & Outdoors,Sports Bag,1,107.67,107.67,,Cash on Delivery,Cancelled,
ORD-00625,2023-08-10,Volta,Books & Stationery,Scientific Calculator,4,57.35,229.4,10,Cash on Delivery,Delivered,5
ORD-00626,2023-10-06,Greater Accra,Sports & Outdoors,Gym Gloves,2,107.75,215.5,,Cash on Delivery,Cancelled,
ORD-00627,2023-07-25,Upper East,Fashion,Men's Watch,1,166.8,166.8,6,MoMo,Delivered,5
ORD-00628,2023-12-20,Greater Accra,Beauty & Health,Hair Extensions,4,197.1,788.4,13,MoMo,Delivered,5
ORD-00629,2023-06-25,Greater Accra,Electronics,Laptop Bag,1,1347.19,1347.19,,MoMo,Pending,
ORD-00630,2023-01-28,Upper East,Electronics,Power Bank,1,1354.37,1354.37,6,Cash on Delivery,Delivered,4
ORD-00631,2023-06-05,Ashanti,Electronics,Laptop Bag,3,1202.44,3607.32,,Cash on Delivery,Cancelled,
ORD-00632,2023-01-02,Ashanti,Fashion,Belt,1,383.79,383.79,9,Card,Delivered,4
ORD-00633,2023-03-05,Western,Sports & Outdoors,Yoga Mat,3,43.06,129.18,7,MoMo,Delivered,4
ORD-00634,2023-09-17,Upper East,Home & Kitchen,Pillow Set,2,124.63,249.26,,MoMo,Pending,
ORD-00635,2023-03-05,Greater Accra,Books & Stationery,WAEC Past Questions,2,18.6,37.2,3,Cash on Delivery,Returned,
ORD-00636,2023-09-02,Greater Accra,Home & Kitchen,Food Flask,3,233.39,700.17,,MoMo,Pending,
ORD-00637,2023-10-20,Greater Accra,Fashion,Belt,3,244.92,734.76,,Card,Cancelled,
ORD-00638,2023-05-09,Greater Accra,Home & Kitchen,Non-stick Pan,2,155.96,311.92,9,Cash on Delivery,Delivered,4
ORD-00639,2023-06-08,Central,Beauty & Health,Face Cream,4,104.55,418.2,1,Card,Delivered,3
ORD-00640,2023-10-20,Greater Accra,Fashion,Ladies Bag,2,44.1,88.2,6,Cash on Delivery,Delivered,5
ORD-00641,2023-08-03,Upper East,Fashion,Ladies Bag,2,138.12,276.24,,Cash on Delivery,Cancelled,
ORD-00642,2023-01-16,Greater Accra,Beauty & Health,Body Lotion,3,203.07,609.21,10,MoMo,Delivered,4
ORD-00643,2023-11-14,Ashanti,Books & Stationery,BECE Study Guide,4,29.22,116.88,,MoMo,Cancelled,
ORD-00644,2023-06-28,Greater Accra,Electronics,Bluetooth Speaker,1,997.53,997.53,,Cash on Delivery,Pending,
ORD-00645,2023-12-26,Greater Accra,Fashion,Sneakers,2,154.35,308.7,5,Cash on Delivery,Delivered,2
ORD-00646,2023-10-12,Ashanti,Electronics,Phone Case,1,420.74,420.74,,MoMo,Cancelled,
ORD-00647,2023-01-08,Greater Accra,Home & Kitchen,Bedsheets,2,180.91,361.82,2,Cash on Delivery,Delivered,4
ORD-00648,2023-12-10,Greater Accra,Sports & Outdoors,Gym Gloves,1,309.84,309.84,,MoMo,Cancelled,
ORD-00649,2023-06-03,Northern,Sports & Outdoors,Yoga Mat,2,189.34,378.68,,MoMo,Pending,
ORD-00650,2023-11-09,Northern,Books & Stationery,Pens (box),6,17.19,103.14,14,MoMo,Delivered,4
ORD-00651,2023-05-25,Northern,Books & Stationery,Scientific Calculator,1,100.59,100.59,12,Cash on Delivery,Delivered,4
ORD-00652,2023-01-06,Northern,Sports & Outdoors,Jump Rope,3,132.39,397.17,4,Cash on Delivery,Delivered,4
ORD-00653,2023-12-24,Eastern,Home & Kitchen,Kettle,3,148.31,444.93,,Card,Pending,
ORD-00654,2023-07-03,Greater Accra,Books & Stationery,Novel,3,23.75,71.25,6,Card,Delivered,4
ORD-00655,2023-06-02,Greater Accra,Beauty & Health,Shampoo,3,164.3,492.9,8,Cash on Delivery,Delivered,4
ORD-00656,2023-01-08,Ashanti,Home & Kitchen,Pillow Set,1,39.92,39.92,13,Cash on Delivery,Delivered,1
ORD-00657,2023-08-21,Volta,Fashion,Ladies Bag,1,66.79,66.79,12,Card,Delivered,1
ORD-00658,2023-04-07,Ashanti,Electronics,Phone Case,3,241.59,724.77,5,MoMo,Delivered,4
ORD-00659,2023-05-07,Central,Home & Kitchen,Pillow Set,2,146.43,292.86,7,MoMo,Returned,
ORD-00660,2023-01-29,Ashanti,Sports & Outdoors,Resistance Bands,1,52.84,52.84,,MoMo,Pending,
ORD-00661,2023-04-01,Central,Home & Kitchen,Curtains,1,194.57,194.57,1,MoMo,Delivered,5
ORD-00662,2023-07-10,Ashanti,Fashion,Ankara Dress,2,359.34,718.68,11,MoMo,Delivered,3
ORD-00663,2023-10-26,Volta,Sports & Outdoors,Yoga Mat,2,76.63,153.26,2,MoMo,Delivered,4
ORD-00664,2023-12-30,Western,Fashion,Sneakers,3,386.02,1158.06,,MoMo,Pending,
ORD-00665,2023-05-28,Western,Home & Kitchen,Non-stick Pan,1,93.49,93.49,12,MoMo,Delivered,3
ORD-00666,2023-07-20,Greater Accra,Books & Stationery,Novel,4,63.56,254.24,,MoMo,Pending,
ORD-00667,2023-05-12,Greater Accra,Home & Kitchen,Bedsheets,1,271.24,271.24,7,Card,Delivered,3
ORD-00668,2023-06-18,Ashanti,Fashion,Men's Watch,2,67.84,135.68,14,Cash on Delivery,Delivered,3
ORD-00669,2023-05-31,Greater Accra,Beauty & Health,Perfume,3,182.33,546.99,13,MoMo,Returned,
ORD-00670,2023-12-25,Greater Accra,Home & Kitchen,Curtains,3,132.54,397.62,,MoMo,Cancelled,
ORD-00671,2023-03-14,Volta,Books & Stationery,BECE Study Guide,4,103.03,412.12,,MoMo,Cancelled,
ORD-00672,2023-03-29,Northern,Fashion,Belt,3,393.22,1179.66,,Cash on Delivery,Pending,
ORD-00673,2023-07-29,Eastern,Electronics,Bluetooth Speaker,2,1410.68,2821.36,13,MoMo,Returned,
ORD-00674,2023-10-18,Greater Accra,Fashion,Jeans,3,119.78,359.34,7,Card,Delivered,4
ORD-00675,2023-08-05,Greater Accra,Home & Kitchen,Kettle,1,131.45,131.45,4,MoMo,Delivered,5
ORD-00676,2023-07-31,Greater Accra,Sports & Outdoors,Resistance Bands,3,151.27,453.81,6,Card,Delivered,4
ORD-00677,2023-03-02,Ashanti,Beauty & Health,Vitamins,3,216.9,650.7,11,MoMo,Delivered,5
ORD-00678,2023-10-20,Ashanti,Electronics,Laptop Bag,1,1061.62,1061.62,,Cash on Delivery,Cancelled,
ORD-00679,2023-07-27,Upper East,Electronics,Power Bank,3,1426.9,4280.7,4,Cash on Delivery,Delivered,5
ORD-00680,2023-02-05,Greater Accra,Books & Stationery,Pens (box),2,98.1,196.2,8,Cash on Delivery,Delivered,2
ORD-00681,2023-11-05,Greater Accra,Fashion,Ankara Dress,1,384.87,384.87,5,Cash on Delivery,Delivered,5
ORD-00682,2023-04-22,Western,Beauty & Health,Beard Oil,5,132.38,661.9,8,Card,Delivered,4
ORD-00683,2023-06-21,Ashanti,Fashion,Belt,4,438.03,1752.12,11,MoMo,Delivered,4
ORD-00684,2023-09-07,Northern,Beauty & Health,Beard Oil,3,226.22,678.66,,MoMo,Cancelled,
ORD-00685,2023-09-18,Ashanti,Electronics,Phone Case,2,1119.37,2238.74,8,MoMo,Delivered,2
ORD-00686,2023-03-15,Greater Accra,Fashion,Cap,4,154.38,617.52,4,Cash on Delivery,Returned,
ORD-00687,2023-12-08,Ashanti,Electronics,Smartwatch,2,75.35,150.7,3,MoMo,Delivered,2
ORD-00688,2023-10-04,Ashanti,Beauty & Health,Beard Oil,4,152.79,611.16,3,Cash on Delivery,Delivered,3
ORD-00689,2023-10-12,Upper East,Sports & Outdoors,Yoga Mat,3,142.92,428.76,,MoMo,Pending,
ORD-00690,2023-11-25,Western,Sports & Outdoors,Jump Rope,1,235.73,235.73,,Cash on Delivery,Cancelled,
ORD-00691,2023-07-16,Greater Accra,Books & Stationery,Scientific Calculator,4,101.0,404.0,,MoMo,Pending,
ORD-00692,2023-02-13,Ashanti,Home & Kitchen,Knife Set,1,351.4,351.4,2,MoMo,Returned,
ORD-00693,2023-02-16,Greater Accra,Fashion,Sunglasses,3,246.4,739.2,12,MoMo,Delivered,4
ORD-00694,2023-09-15,Ashanti,Beauty & Health,Body Lotion,2,156.72,313.44,,Cash on Delivery,Pending,
ORD-00695,2023-06-11,Ashanti,Beauty & Health,Face Cream,1,129.16,129.16,,Card,Cancelled,
ORD-00696,2023-01-20,Greater Accra,Sports & Outdoors,Gym Gloves,2,209.0,418.0,,Card,Pending,
ORD-00697,2023-06-30,Western,Books & Stationery,Notebook Set,3,21.51,64.53,10,MoMo,Returned,
ORD-00698,2023-04-23,Greater Accra,Beauty & Health,Vitamins,4,203.05,812.2,14,Cash on Delivery,Delivered,5
ORD-00699,2023-04-03,Ashanti,Home & Kitchen,Bedsheets,1,279.71,279.71,10,MoMo,Delivered,3
ORD-00700,2023-07-13,Greater Accra,Beauty & Health,Beard Oil,3,126.74,380.22,13,MoMo,Delivered,5
ORD-00701,2023-02-05,Volta,Beauty & Health,Body Lotion,3,121.6,364.8,5,MoMo,Delivered,5
ORD-00702,2023-06-12,Ashanti,Electronics,Laptop Bag,3,711.31,2133.93,,Cash on Delivery,Pending,
ORD-00703,2023-03-26,Greater Accra,Home & Kitchen,Curtains,3,46.84,140.52,4,MoMo,Delivered,5
ORD-00704,2023-09-10,Ashanti,Home & Kitchen,Kettle,1,128.07,128.07,3,Cash on Delivery,Delivered,3
ORD-00705,2023-01-30,Ashanti,Books & Stationery,Notebook Set,5,118.2,591.0,14,Cash on Delivery,Delivered,4
ORD-00706,2023-10-16,Ashanti,Beauty & Health,Beard Oil,5,94.93,474.65,7,MoMo,Delivered,4
ORD-00707,2023-06-09,Ashanti,Home & Kitchen,Food Flask,1,375.2,375.2,7,Cash on Delivery,Delivered,5
ORD-00708,2023-10-31,Greater Accra,Beauty & Health,Perfume,2,201.86,403.72,,Cash on Delivery,Pending,
ORD-00709,2023-10-30,Eastern,Electronics,Laptop Bag,2,1086.95,2173.9,3,MoMo,Delivered,5
ORD-00710,2023-01-17,Greater Accra,Beauty & Health,Lip Gloss,2,77.92,155.84,4,Cash on Delivery,Delivered,2
ORD-00711,2023-02-04,Greater Accra,Electronics,Laptop Bag,2,1407.76,2815.52,,MoMo,Cancelled,
ORD-00712,2023-02-24,Greater Accra,Home & Kitchen,Non-stick Pan,2,63.43,126.86,7,Cash on Delivery,Delivered,5
ORD-00713,2023-01-18,Ashanti,Home & Kitchen,Non-stick Pan,2,124.85,249.7,,Cash on Delivery,Pending,
ORD-00714,2023-03-31,Ashanti,Fashion,Sneakers,2,198.83,397.66,,Card,Cancelled,
ORD-00715,2023-04-17,Ashanti,Sports & Outdoors,Football,3,243.08,729.24,10,MoMo,Delivered,5
ORD-00716,2023-05-28,Ashanti,Fashion,Belt,1,335.72,335.72,12,MoMo,Delivered,3
ORD-00717,2023-07-28,Eastern,Books & Stationery,Scientific Calculator,1,81.34,81.34,,MoMo,Cancelled,
ORD-00718,2023-05-21,Greater Accra,Beauty & Health,Lip Gloss,3,59.17,177.51,4,MoMo,Delivered,1
ORD-00719,2023-08-20,Ashanti,Fashion,Jeans,2,117.33,234.66,,MoMo,Cancelled,
ORD-00720,2023-09-04,Greater Accra,Sports & Outdoors,Running Shoes,1,159.02,159.02,,MoMo,Pending,
ORD-00721,2023-07-12,Greater Accra,Fashion,Ladies Bag,3,72.4,217.2,3,MoMo,Delivered,4
ORD-00722,2023-10-09,Western,Books & Stationery,Pens (box),2,85.24,170.48,,MoMo,Pending,
ORD-00723,2023-12-22,Ashanti,Electronics,Laptop Bag,3,473.22,1419.66,8,Cash on Delivery,Delivered,4
ORD-00724,2023-04-15,Greater Accra,Electronics,Phone Case,2,297.6,595.2,14,Card,Returned,
ORD-00725,2023-02-16,Ashanti,Electronics,Power Bank,1,435.14,435.14,,MoMo,Pending,
ORD-00726,2023-05-23,Central,Electronics,Smartphone,1,709.44,709.44,,Card,Pending,
ORD-00727,2023-07-23,Greater Accra,Sports & Outdoors,Yoga Mat,2,35.42,70.84,4,MoMo,Delivered,4
ORD-00728,2023-12-24,Greater Accra,Electronics,Earbuds,3,139.67,419.01,14,Cash on Delivery,Delivered,5
ORD-00729,2023-08-15,Upper East,Fashion,Jeans,1,29.66,29.66,5,MoMo,Returned,
ORD-00730,2023-03-29,Greater Accra,Home & Kitchen,Curtains,2,82.4,164.8,,Card,Pending,
ORD-00731,2023-09-30,Greater Accra,Sports & Outdoors,Sports Bag,1,143.7,143.7,5,Cash on Delivery,Delivered,3
ORD-00732,2023-05-28,Ashanti,Home & Kitchen,Kettle,2,303.52,607.04,6,MoMo,Delivered,3
ORD-00733,2023-04-12,Greater Accra,Books & Stationery,WAEC Past Questions,1,98.13,98.13,4,MoMo,Delivered,5
ORD-00734,2023-01-22,Greater Accra,Electronics,Smartphone,1,1200.09,1200.09,11,MoMo,Delivered,2
ORD-00735,2023-07-17,Northern,Beauty & Health,Perfume,1,96.56,96.56,7,Cash on Delivery,Delivered,4
ORD-00736,2023-09-23,Northern,Home & Kitchen,Kettle,1,220.18,220.18,12,Card,Delivered,5
ORD-00737,2023-10-16,Western,Beauty & Health,Hair Extensions,5,175.27,876.35,4,Card,Delivered,2
ORD-00738,2023-08-20,Greater Accra,Sports & Outdoors,Running Shoes,3,128.74,386.22,5,Cash on Delivery,Delivered,4
ORD-00739,2023-07-14,Ashanti,Books & Stationery,Novel,3,38.08,114.24,9,Cash on Delivery,Delivered,5
ORD-00740,2023-03-12,Greater Accra,Home & Kitchen,Kettle,1,56.16,56.16,10,MoMo,Delivered,5
ORD-00741,2023-03-08,Greater Accra,Books & Stationery,WAEC Past Questions,2,66.37,132.74,,MoMo,Pending,
ORD-00742,2023-07-14,Western,Electronics,Power Bank,2,1172.36,2344.72,2,MoMo,Delivered,5
ORD-00743,2023-03-10,Western,Home & Kitchen,Non-stick Pan,1,65.19,65.19,8,Card,Delivered,5
ORD-00744,2023-09-01,Ashanti,Fashion,Jeans,1,269.93,269.93,14,MoMo,Delivered,3
ORD-00745,2023-05-04,Ashanti,Sports & Outdoors,Gym Gloves,1,75.9,75.9,2,MoMo,Delivered,4
ORD-00746,2023-06-03,Western,Books & Stationery,WAEC Past Questions,2,17.96,35.92,,Cash on Delivery,Cancelled,
ORD-00747,2023-06-07,Greater Accra,Books & Stationery,Scientific Calculator,4,39.52,158.08,1,Cash on Delivery,Delivered,1
ORD-00748,2023-01-02,Ashanti,Fashion,Sunglasses,3,51.92,155.76,11,Cash on Delivery,Delivered,3
ORD-00749,2023-08-11,Ashanti,Fashion,Belt,3,28.98,86.94,3,MoMo,Delivered,4
ORD-00750,2023-05-08,Greater Accra,Electronics,USB Hub,3,1478.76,4436.28,,MoMo,Cancelled,
ORD-00751,2023-07-16,Ashanti,Sports & Outdoors,Jump Rope,3,251.96,755.88,9,Cash on Delivery,Returned,
ORD-00752,2023-12-03,Volta,Electronics,Phone Case,1,606.98,606.98,,Cash on Delivery,Cancelled,
ORD-00753,2023-01-20,Greater Accra,Books & Stationery,BECE Study Guide,3,30.73,92.19,,MoMo,Pending,
ORD-00754,2023-04-20,Ashanti,Fashion,Ankara Dress,1,343.27,343.27,8,MoMo,Delivered,5
ORD-00755,2023-03-04,Western,Sports & Outdoors,Jump Rope,1,134.32,134.32,,MoMo,Pending,
ORD-00756,2023-04-22,Eastern,Electronics,Earbuds,2,867.84,1735.68,12,MoMo,Delivered,5
ORD-00757,2023-02-21,Central,Fashion,Men's Watch,2,62.47,124.94,6,Cash on Delivery,Delivered,5
ORD-00758,2023-09-01,Greater Accra,Fashion,Men's Watch,1,49.02,49.02,9,MoMo,Delivered,5
ORD-00759,2023-09-03,Greater Accra,Books & Stationery,Pens (box),4,115.11,460.44,3,Card,Delivered,4
ORD-00760,2023-04-21,Central,Fashion,Ladies Bag,4,264.51,1058.04,12,Cash on Delivery,Delivered,5
ORD-00761,2023-03-04,Western,Beauty & Health,Face Cream,4,18.95,75.8,3,Card,Delivered,5
ORD-00762,2023-09-12,Ashanti,Home & Kitchen,Curtains,3,272.18,816.54,3,Cash on Delivery,Delivered,4
ORD-00763,2023-11-08,Greater Accra,Beauty & Health,Face Cream,5,201.58,1007.9,9,MoMo,Delivered,4
ORD-00764,2023-05-07,Northern,Books & Stationery,WAEC Past Questions,4,83.23,332.92,,MoMo,Pending,
ORD-00765,2023-07-22,Ashanti,Home & Kitchen,Curtains,3,221.42,664.26,,Cash on Delivery,Cancelled,
ORD-00766,2023-01-27,Greater Accra,Fashion,Sneakers,1,96.56,96.56,,Cash on Delivery,Pending,
ORD-00767,2023-07-06,Western,Books & Stationery,Notebook Set,1,82.06,82.06,,Cash on Delivery,Pending,
ORD-00768,2023-09-10,Ashanti,Beauty & Health,Hair Extensions,3,76.95,230.85,,MoMo,Cancelled,
ORD-00769,2023-02-04,Ashanti,Electronics,Smartwatch,1,306.48,306.48,12,Card,Returned,
ORD-00770,2023-06-03,Volta,Fashion,Sunglasses,3,410.3,1230.9,9,MoMo,Delivered,4
ORD-00771,2023-09-23,Eastern,Beauty & Health,Perfume,1,122.02,122.02,10,Card,Delivered,3
ORD-00772,2023-05-17,Ashanti,Fashion,Sunglasses,4,397.24,1588.96,12,Cash on Delivery,Delivered,5
ORD-00773,2023-10-25,Greater Accra,Beauty & Health,Vitamins,2,69.27,138.54,2,MoMo,Delivered,4
ORD-00774,2023-12-07,Western,Home & Kitchen,Bedsheets,2,75.13,150.26,12,MoMo,Delivered,5
ORD-00775,2023-10-28,Ashanti,Fashion,Cap,3,371.26,1113.78,,MoMo,Pending,
ORD-00776,2023-09-17,Greater Accra,Books & Stationery,Pens (box),5,10.23,51.15,8,MoMo,Returned,
ORD-00777,2023-10-07,Central,Sports & Outdoors,Running Shoes,3,310.39,931.17,6,MoMo,Delivered,5
ORD-00778,2023-11-30,Greater Accra,Fashion,Sunglasses,3,427.94,1283.82,14,Cash on Delivery,Delivered,2
ORD-00779,2023-08-15,Greater Accra,Home & Kitchen,Non-stick Pan,1,264.31,264.31,9,Card,Delivered,5
ORD-00780,2023-01-31,Ashanti,Books & Stationery,BECE Study Guide,4,50.94,203.76,9,MoMo,Delivered,1
ORD-00781,2023-02-13,Volta,Home & Kitchen,Kettle,3,206.47,619.41,9,Cash on Delivery,Delivered,5
ORD-00782,2023-01-19,Greater Accra,Home & Kitchen,Kettle,2,329.66,659.32,6,MoMo,Returned,
ORD-00783,2023-11-15,Eastern,Fashion,Ankara Dress,3,85.51,256.53,5,MoMo,Delivered,3
ORD-00784,2023-03-18,Greater Accra,Home & Kitchen,Curtains,2,44.32,88.64,13,MoMo,Delivered,4
ORD-00785,2023-10-14,Greater Accra,Sports & Outdoors,Gym Gloves,3,97.51,292.53,,Card,Pending,
ORD-00786,2023-10-28,Ashanti,Sports & Outdoors,Water Bottle,1,224.84,224.84,1,MoMo,Delivered,5
ORD-00787,2023-11-16,Western,Electronics,USB Hub,2,333.03,666.06,,Cash on Delivery,Pending,
ORD-00788,2023-03-24,Eastern,Books & Stationery,WAEC Past Questions,4,72.41,289.64,6,Cash on Delivery,Delivered,5
ORD-00789,2023-09-01,Greater Accra,Fashion,Sunglasses,2,259.98,519.96,,MoMo,Cancelled,
ORD-00790,2023-05-09,Northern,Beauty & Health,Shampoo,1,149.63,149.63,7,Card,Delivered,4
ORD-00791,2023-08-27,Greater Accra,Sports & Outdoors,Football,3,42.83,128.49,7,Cash on Delivery,Delivered,5
ORD-00792,2023-11-06,Ashanti,Home & Kitchen,Curtains,1,369.86,369.86,6,MoMo,Delivered,5
ORD-00793,2023-03-26,Western,Books & Stationery,Novel,5,18.24,91.2,13,Cash on Delivery,Returned,
ORD-00794,2023-07-14,Ashanti,Home & Kitchen,Bedsheets,2,175.37,350.74,14,MoMo,Delivered,4
ORD-00795,2023-07-07,Upper East,Sports & Outdoors,Jump Rope,2,58.8,117.6,1,MoMo,Delivered,5
ORD-00796,2023-12-16,Greater Accra,Books & Stationery,Novel,3,27.19,81.57,10,MoMo,Delivered,4
ORD-00797,2023-07-06,Greater Accra,Home & Kitchen,Pillow Set,2,283.49,566.98,12,MoMo,Delivered,3
ORD-00798,2023-09-02,Greater Accra,Electronics,Smartwatch,3,40.17,120.51,,Cash on Delivery,Cancelled,
ORD-00799,2023-11-26,Ashanti,Books & Stationery,Pens (box),2,19.91,39.82,3,Card,Delivered,4
ORD-00800,2023-01-07,Eastern,Beauty & Health,Lip Gloss,2,157.22,314.44,13,MoMo,Returned,
