date,temperature_c,rainfall_mm,humidity_pct,wind_speed_kmh
2023-01-01,23.4,0.0,44.4,26.1
2023-01-02,25.1,0.0,62.5,23.9
2023-01-03,25.9,0.0,49.9,23.0
2023-01-04,26.9,0.0,53.6,16.0
2023-01-05,27.7,0.0,61.1,12.7
2023-01-06,26.7,0.0,45.0,27.7
2023-01-07,24.4,0.0,54.9,13.8
2023-01-08,26.8,0.0,57.9,14.4
2023-01-09,23.9,3.3,64.9,27.6
2023-01-10,23.1,3.2,67.8,21.0
2023-01-11,28.2,0.0,63.3,15.8
2023-01-12,25.9,0.0,60.4,14.8
2023-01-13,27.4,0.0,60.0,18.6
2023-01-14,28.7,0.0,58.9,16.0
2023-01-15,25.9,0.0,42.9,19.5
2023-01-16,25.2,0.0,63.1,17.6
2023-01-17,26.9,0.0,57.2,18.4
2023-01-18,25.8,0.0,43.6,24.4
2023-01-19,24.6,0.0,61.4,17.3
2023-01-20,24.7,7.1,70.2,12.6
2023-01-21,25.3,0.0,52.0,27.7
2023-01-22,28.2,0.0,62.7,15.0
2023-01-23,21.6,3.8,76.8,15.2
2023-01-24,26.3,0.0,63.8,26.7
2023-01-25,26.2,0.0,62.7,20.1
2023-01-26,26.1,0.0,49.5,23.2
2023-01-27,27.3,0.0,50.7,24.0
2023-01-28,28.3,0.0,55.1,18.5
2023-01-29,26.4,0.0,60.1,21.7
2023-01-30,27.5,0.0,52.2,22.8
2023-01-31,27.6,0.0,58.9,22.5
2023-02-01,23.9,0.0,57.3,21.9
2023-02-02,27.7,0.0,49.1,24.9
2023-02-03,26.6,0.0,43.1,27.7
2023-02-04,27.1,0.0,62.4,21.2
2023-02-05,25.6,0.0,50.8,18.4
2023-02-06,26.0,0.0,61.8,26.2
2023-02-07,24.7,0.0,47.0,24.9
2023-02-08,25.6,0.0,63.1,13.9
2023-02-09,27.4,0.0,52.7,20.5
2023-02-10,26.3,0.0,52.2,25.0
2023-02-11,29.0,0.0,51.8,26.5
2023-02-12,28.5,0.0,52.4,24.0
2023-02-13,29.3,0.0,48.4,24.4
2023-02-14,27.4,0.0,58.4,15.8
2023-02-15,28.6,0.0,62.5,13.3
2023-02-16,26.9,0.0,46.9,18.6
2023-02-17,27.9,0.0,52.7,13.0
2023-02-18,25.9,0.0,63.8,12.3
2023-02-19,28.8,0.0,55.2,19.6
2023-02-20,27.2,0.0,62.5,25.4
2023-02-21,28.7,0.0,58.9,24.8
2023-02-22,26.7,0.0,53.2,18.2
2023-02-23,27.8,0.0,,24.8
2023-02-24,29.2,0.0,64.6,20.5
2023-02-25,25.5,0.0,55.6,22.6
2023-02-26,25.7,0.0,46.2,16.2
2023-02-27,28.9,0.0,52.5,17.4
2023-02-28,27.4,0.0,51.7,25.4
2023-03-01,30.9,0.0,85.5,12.8
2023-03-02,28.1,0.0,89.2,5.5
2023-03-03,25.4,2.4,92.9,11.2
2023-03-04,29.4,0.0,76.6,9.8
2023-03-05,27.8,0.0,89.3,14.3
2023-03-06,28.8,0.0,82.4,17.1
2023-03-07,29.2,0.0,88.3,9.9
2023-03-08,28.8,0.0,,15.8
2023-03-09,29.9,0.0,84.5,8.9
2023-03-10,29.2,0.0,82.2,5.5
2023-03-11,26.5,0.0,83.9,5.9
2023-03-12,29.8,0.0,80.8,10.6
2023-03-13,28.7,0.0,88.0,11.0
2023-03-14,40.8,0.0,83.1,17.0
2023-03-15,30.0,0.0,80.4,15.7
2023-03-16,41.8,0.0,77.0,10.9
2023-03-17,29.6,0.0,82.3,13.7
2023-03-18,27.8,0.0,80.8,9.6
2023-03-19,26.4,9.8,98,11.7
2023-03-20,26.1,8.8,93.6,10.8
2023-03-21,27.8,10.2,89.0,9.8
2023-03-22,26.8,-2.5,78.3,10.9
2023-03-23,32.5,0.0,76.1,14.4
2023-03-24,29.0,0.0,84.4,7.5
2023-03-25,26.3,0.0,77.0,12.7
2023-03-26,26.5,0.0,87.0,8.9
2023-03-27,27.4,0.0,77.4,14.2
2023-03-28,26.9,3.3,96.8,6.3
2023-03-29,27.6,10.0,92.9,8.3
2023-03-30,29.8,0.0,80.9,12.5
2023-03-31,29.8,0.0,74.7,15.5
2023-04-01,30.3,0.0,82.0,10.4
2023-04-02,30.1,0.0,83.1,15.1
2023-04-03,30.5,0.0,82.6,10.6
2023-04-04,29.2,0.0,73.1,17.5
2023-04-05,27.9,23.4,88.2,7.0
2023-04-06,29.1,0.0,84.4,11.1
2023-04-07,28.2,10.1,86.1,15.3
2023-04-08,32.2,0.0,86.5,7.6
2023-04-09,29.2,8.3,86.6,12.7
2023-04-10,30.8,0.0,88.6,10.7
2023-04-11,29.7,0.0,76.9,12.0
2023-04-12,31.3,0.0,82.8,16.6
2023-04-13,29.9,0.0,76.1,13.8
2023-04-14,30.0,0.0,,12.6
2023-04-15,28.0,23.4,86.8,10.7
2023-04-16,26.8,29.9,,15.6
2023-04-17,29.1,0.0,,9.2
2023-04-18,28.6,6.5,93.6,10.2
2023-04-19,30.9,0.0,76.5,6.5
2023-04-20,30.6,0.0,87.6,15.7
2023-04-21,27.8,26.3,94.7,10.7
2023-04-22,29.3,9.5,91.4,11.3
2023-04-23,29.4,19.6,83.1,7.9
2023-04-24,28.9,0.0,,6.5
2023-04-25,30.3,0.0,88.8,8.8
2023-04-26,30.2,0.0,79.5,11.3
2023-04-27,30.1,0.0,75.4,12.8
2023-04-28,31.0,0.0,74.5,5.9
2023-04-29,31.5,0.0,86.2,8.5
2023-04-30,26.9,22.3,95.1,16.2
2023-05-01,29.9,0.0,85.7,9.9
2023-05-02,31.1,0.0,87.7,17.8
2023-05-03,30.0,12.7,94.9,10.0
2023-05-04,30.1,0.0,86.3,13.5
2023-05-05,31.5,29.0,87.7,6.3
2023-05-06,33.4,0.0,72.3,6.9
2023-05-07,31.6,0.0,86.1,8.4
2023-05-08,31.1,0.0,79.2,6.0
2023-05-09,30.6,0.0,89.2,13.1
2023-05-10,30.0,0.0,80.8,12.0
2023-05-11,31.5,0.0,77.2,8.0
2023-05-12,30.3,29.4,93.4,7.2
2023-05-13,29.3,2.8,89.5,10.4
2023-05-14,31.8,0.0,75.2,7.3
2023-05-15,30.1,0.0,81.0,12.6
2023-05-16,30.5,19.9,98,11.0
2023-05-17,30.6,17.3,92.1,14.0
2023-05-18,32.8,0.0,77.4,18.0
2023-05-19,32.5,0.0,78.5,8.8
2023-05-20,32.3,0.0,72.4,15.8
2023-05-21,34.0,0.0,86.0,17.7
2023-05-22,31.7,0.0,85.4,15.8
2023-05-23,31.8,0.0,86.4,7.8
2023-05-24,27.9,9.0,98,6.8
2023-05-25,32.7,19.6,,9.7
2023-05-26,32.2,0.0,88.4,9.2
2023-05-27,32.4,0.0,87.8,9.8
2023-05-28,33.8,0.0,76.9,7.1
2023-05-29,34.7,0.0,77.3,16.3
2023-05-30,30.7,0.0,80.4,6.0
2023-05-31,32.1,0.0,84.1,10.2
2023-06-01,33.6,0.0,82.0,6.2
2023-06-02,29.8,19.5,87.4,13.3
2023-06-03,30.5,42.1,97.8,9.3
2023-06-04,30.9,0.0,80.4,14.1
2023-06-05,30.5,0.0,74.1,5.6
2023-06-06,30.2,59.8,89.6,17.3
2023-06-07,32.5,0.0,81.7,12.6
2023-06-08,33.2,0.0,87.0,13.0
2023-06-09,30.8,0.0,77.0,14.0
2023-06-10,28.6,29.5,92.9,13.4
2023-06-11,29.7,20.2,98,6.2
2023-06-12,30.5,40.2,98,7.7
2023-06-13,31.9,0.0,82.0,12.6
2023-06-14,32.2,0.0,86.2,12.7
2023-06-15,30.6,59.1,95.3,6.4
2023-06-16,32.8,0.0,86.2,12.7
2023-06-17,31.5,19.6,88.4,5.8
2023-06-18,29.3,24.9,96.2,16.8
2023-06-19,31.3,0.0,77.4,13.4
2023-06-20,31.5,59.9,95.9,16.7
2023-06-21,29.6,13.2,95.3,14.3
2023-06-22,29.5,37.9,95.1,13.5
2023-06-23,33.4,0.0,81.9,16.3
2023-06-24,28.1,53.8,95.3,9.1
2023-06-25,30.4,57.4,89.2,6.1
2023-06-26,30.4,46.0,98,13.7
2023-06-27,29.1,53.0,,10.5
2023-06-28,32.9,0.0,77.6,6.3
2023-06-29,30.1,13.5,97.7,12.2
2023-06-30,29.7,20.3,98,13.8
2023-07-01,33.2,0.0,83.0,13.6
2023-07-02,32.9,0.0,85.7,17.0
2023-07-03,30.7,15.0,92.3,14.6
2023-07-04,33.2,0.0,78.8,10.9
2023-07-05,30.9,22.1,98,16.5
2023-07-06,30.3,46.5,91.9,10.4
2023-07-07,30.2,33.2,86.7,12.7
2023-07-08,31.4,22.0,90.3,15.0
2023-07-09,35.2,0.0,77.2,6.6
2023-07-10,31.3,28.7,94.7,9.6
2023-07-11,30.8,45.8,88.8,9.1
2023-07-12,29.1,27.2,98,17.3
2023-07-13,29.1,42.9,88.6,10.7
2023-07-14,31.6,9.3,94.6,13.2
2023-07-15,27.3,15.7,93.0,13.4
2023-07-16,30.3,10.7,94.2,17.4
2023-07-17,32.4,0.0,80.4,12.3
2023-07-18,30.6,0.0,83.6,17.8
2023-07-19,27.6,58.4,91.2,13.2
2023-07-20,30.7,0.0,73.3,11.0
2023-07-21,29.3,25.3,98,6.2
2023-07-22,30.4,0.0,89.2,14.6
2023-07-23,30.2,-4.2,94.4,17.5
2023-07-24,32.1,49.6,91.9,14.2
2023-07-25,28.6,0.0,81.4,12.9
2023-07-26,27.2,55.5,85.4,9.4
2023-07-27,30.8,35.7,90.5,17.5
2023-07-28,31.7,0.0,83.9,16.9
2023-07-29,29.1,41.1,87.3,6.1
2023-07-30,30.7,0.0,,6.7
2023-07-31,30.5,0.0,89.0,18.0
2023-08-01,32.7,0.0,81.2,5.2
2023-08-02,30.4,57.3,95.1,18.0
2023-08-03,29.2,21.3,97.0,13.6
2023-08-04,29.8,0.0,83.1,12.8
2023-08-05,27.3,14.9,93.3,9.7
2023-08-06,19.9,0.0,83.0,14.8
2023-08-07,31.1,0.0,89.4,15.2
2023-08-08,31.9,0.0,75.5,13.8
2023-08-09,29.1,0.0,86.0,11.5
2023-08-10,30.2,13.9,97.0,5.7
2023-08-11,30.3,25.4,82.8,7.1
2023-08-12,27.0,33.2,88.0,15.6
2023-08-13,31.9,0.0,79.1,9.9
2023-08-14,28.7,9.5,86.4,14.3
2023-08-15,31.1,13.0,98,11.1
2023-08-16,31.3,0.0,88.3,5.2
2023-08-17,30.1,13.2,95.6,6.6
2023-08-18,27.4,40.1,87.0,11.5
2023-08-19,27.1,39.8,82.5,12.4
2023-08-20,27.3,41.8,93.2,12.1
2023-08-21,30.2,0.0,87.7,5.6
2023-08-22,27.5,25.5,86.9,8.1
2023-08-23,31.6,0.0,85.6,6.7
2023-08-24,28.7,23.6,98,17.8
2023-08-25,28.2,15.0,82.1,15.3
2023-08-26,31.7,0.0,77.7,9.0
2023-08-27,27.2,49.8,91.2,5.6
2023-08-28,30.2,0.0,76.9,15.4
2023-08-29,25.4,27.0,88.2,9.8
2023-08-30,31.1,0.0,,8.5
2023-08-31,25.0,28.3,86.0,9.3
2023-09-01,28.8,29.5,86.1,10.8
2023-09-02,31.3,0.0,79.8,13.3
2023-09-03,29.0,0.0,73.0,13.7
2023-09-04,19.6,33.2,95.3,6.6
2023-09-05,27.1,40.5,97.3,7.0
2023-09-06,27.9,25.4,88.8,8.6
2023-09-07,29.8,0.0,72.5,7.4
2023-09-08,28.4,55.2,88.1,14.0
2023-09-09,30.9,0.0,75.6,6.8
2023-09-10,25.5,14.5,98,13.7
2023-09-11,25.4,0.0,81.9,8.8
2023-09-12,27.5,13.7,88.1,17.8
2023-09-13,27.5,0.0,76.3,11.4
2023-09-14,24.6,36.5,96.4,10.2
2023-09-15,29.9,0.0,80.6,10.3
2023-09-16,28.7,36.6,92.0,6.7
2023-09-17,29.9,0.0,81.9,12.6
2023-09-18,30.1,0.0,87.6,15.8
2023-09-19,28.6,21.7,98,17.3
2023-09-20,26.3,20.6,89.3,13.0
2023-09-21,26.8,40.3,91.7,13.1
2023-09-22,27.4,0.0,72.7,16.2
2023-09-23,28.2,57.2,86.2,12.4
2023-09-24,31.2,0.0,81.8,13.3
2023-09-25,26.2,18.5,90.5,14.0
2023-09-26,26.2,27.9,97.7,17.8
2023-09-27,26.0,26.9,90.0,8.1
2023-09-28,25.4,29.7,98,17.5
2023-09-29,28.8,0.0,86.6,17.1
2023-09-30,28.7,0.0,89.9,11.1
2023-10-01,29.1,0.0,81.0,6.2
2023-10-02,27.3,30.1,89.2,16.0
2023-10-03,29.9,0.0,77.1,5.1
2023-10-04,26.1,12.4,81.2,12.3
2023-10-05,27.4,20.9,92.0,15.7
2023-10-06,27.7,0.0,73.7,9.9
2023-10-07,27.7,0.0,82.0,9.8
2023-10-08,26.7,38.1,98,11.8
2023-10-09,26.9,54.1,98,10.1
2023-10-10,28.8,0.0,81.1,11.6
2023-10-11,24.4,36.0,82.6,6.4
2023-10-12,27.3,21.9,92.6,13.5
2023-10-13,18.9,0.0,76.1,5.7
2023-10-14,25.4,33.8,96.5,12.4
2023-10-15,25.7,0.0,75.4,10.7
2023-10-16,25.6,27.7,94.4,14.5
2023-10-17,29.0,-2.7,82.1,18.0
2023-10-18,25.4,0.0,80.3,11.9
2023-10-19,29.6,0.0,84.2,16.3
2023-10-20,27.8,0.0,80.7,17.4
2023-10-21,26.6,0.0,77.4,17.2
2023-10-22,27.7,0.0,84.4,11.4
2023-10-23,25.5,0.0,54.9,17.1
2023-10-24,27.0,0.0,54.5,16.6
2023-10-25,28.8,0.0,49.9,15.0
2023-10-26,30.1,0.0,43.8,17.0
2023-10-27,28.0,0.0,59.2,7.8
2023-10-28,27.0,0.0,48.2,6.4
2023-10-29,28.6,0.0,47.5,5.7
2023-10-30,27.2,0.0,44.3,9.3
2023-10-31,27.9,0.0,57.7,6.8
2023-11-01,27.7,0.0,57.0,16.4
2023-11-02,26.9,0.0,57.0,14.8
2023-11-03,26.8,0.0,59.7,13.5
2023-11-04,27.3,0.0,59.0,16.1
2023-11-05,21.5,7.4,56.7,15.2
2023-11-06,27.9,0.0,59.2,16.3
2023-11-07,27.8,0.0,55.9,17.1
2023-11-08,27.0,0.0,52.5,13.3
2023-11-09,27.2,0.0,53.6,8.5
2023-11-10,26.3,0.0,49.6,14.5
2023-11-11,26.6,0.0,,9.4
2023-11-12,26.4,0.0,57.5,7.5
2023-11-13,25.8,0.0,51.8,9.3
2023-11-14,25.6,0.0,,6.2
2023-11-15,17.5,0.0,50.8,10.8
2023-11-16,26.9,0.0,49.6,12.6
2023-11-17,26.4,0.0,47.4,13.7
2023-11-18,27.6,0.0,45.7,13.9
2023-11-19,28.0,0.0,57.9,13.3
2023-11-20,25.1,0.0,50.5,7.9
2023-11-21,25.1,0.0,64.7,9.9
2023-11-22,19.8,0.0,59.4,15.4
2023-11-23,26.4,0.0,55.7,15.2
2023-11-24,24.5,0.0,54.1,9.7
2023-11-25,28.0,0.0,62.8,7.6
2023-11-26,27.7,0.0,45.8,25.7
2023-11-27,25.4,0.0,53.2,26.4
2023-11-28,24.5,0.0,43.3,14.1
2023-11-29,24.8,0.0,57.5,16.9
2023-11-30,24.6,2.4,55.5,18.8
2023-12-01,25.7,0.0,62.6,27.8
2023-12-02,26.0,0.0,48.6,14.9
2023-12-03,24.9,0.0,64.2,18.0
2023-12-04,24.6,0.0,52.3,26.7
2023-12-05,28.8,0.0,62.1,14.1
2023-12-06,27.6,0.0,44.7,27.9
2023-12-07,28.4,0.0,61.2,24.1
2023-12-08,28.5,0.0,52.6,23.5
2023-12-09,25.4,0.0,52.6,14.5
2023-12-10,26.6,0.0,62.1,24.2
2023-12-11,20.7,5.5,56.0,21.5
2023-12-12,24.2,0.0,57.5,26.0
2023-12-13,27.3,0.0,54.4,24.1
2023-12-14,26.4,0.0,45.2,27.9
2023-12-15,27.4,0.0,55.3,24.4
2023-12-16,25.2,0.0,47.4,26.0
2023-12-17,24.8,0.0,48.3,20.9
2023-12-18,25.8,0.0,58.9,14.8
2023-12-19,25.7,0.0,49.9,22.3
2023-12-20,25.9,0.0,54.1,23.1
2023-12-21,18.8,0.0,47.5,15.6
2023-12-22,26.7,0.0,45.3,19.4
2023-12-23,24.9,0.0,54.2,18.2
2023-12-24,26.7,0.0,49.6,13.3
2023-12-25,25.0,0.0,61.1,12.8
2023-12-26,27.1,0.0,55.9,12.6
2023-12-27,26.6,0.0,57.4,15.5
2023-12-28,24.5,0.0,62.9,16.9
2023-12-29,26.2,0.0,59.1,24.0
2023-12-30,26.8,0.0,63.0,23.1
2023-12-31,25.3,0.0,49.4,16.5
