region,Jan,Feb,Mar,Apr,May,Jun,Jul,Aug,Sep,Oct,Nov,Dec
Greater Accra,1070.0,1070.0,1030.0,1060.0,990.0,1100.0,970.0,1100.0,1020.0,1000.0,1390.0,1230.0
Central,1820.0,2010.0,1860.0,1910.0,2010.0,2030.0,1770.0,1770.0,2050.0,2010.0,2490.0,2490.0
Western,1490.0,1410.0,1420.0,1480.0,1440.0,1450.0,1300.0,1370.0,1410.0,1310.0,1620.0,1620.0
Volta,570.0,620.0,630.0,620.0,620.0,580.0,570.0,630.0,620.0,630.0,780.0,770.0
Western North,1200.0,1170.0,1290.0,1240.0,1110.0,1290.0,1210.0,1190.0,1250.0,1250.0,1510.0,1450.0
Ashanti,1460.0,1350.0,1540.0,1500.0,1460.0,1510.0,1360.0,1370.0,1390.0,1470.0,1780.0,1920.0
Eastern,480.0,520.0,520.0,520.0,540.0,540.0,540.0,520.0,540.0,490.0,670.0,620.0
Bono,1930.0,1800.0,1980.0,1990.0,2000.0,1980.0,1990.0,1830.0,1850.0,1830.0,2340.0,2260.0
Bono East,760.0,790.0,790.0,710.0,800.0,770.0,760.0,790.0,760.0,700.0,990.0,890.0
Ahafo,1550.0,1560.0,1710.0,1490.0,1630.0,1680.0,1670.0,1630.0,1560.0,1730.0,2120.0,2140.0
Oti,950.0,890.0,840.0,830.0,900.0,910.0,910.0,950.0,830.0,950.0,1090.0,1060.0
Northern,1270.0,1230.0,1370.0,1340.0,1320.0,1250.0,1210.0,1360.0,1340.0,1230.0,1520.0,1670.0
North East,1500.0,1480.0,1360.0,1430.0,1350.0,1530.0,1450.0,1510.0,1490.0,1440.0,1660.0,1660.0
Savannah,560.0,520.0,510.0,510.0,590.0,570.0,530.0,560.0,510.0,510.0,700.0,690.0
Upper East,1050.0,1090.0,1060.0,1170.0,1210.0,1200.0,1060.0,1110.0,1150.0,1080.0,1410.0,1440.0
Upper West,800.0,730.0,790.0,800.0,760.0,700.0,720.0,800.0,760.0,780.0,870.0,940.0
