order_id,customer_id,product_id,order_date,quantity,unit_price_ghs,channel
O00590,C161,P040,2023-01-01,1,33.25,Field Agent
O00642,C178,P023,2023-01-01,5,151.4,Field Agent
O00677,C029,P006,2023-01-01,3,6.35,Field Agent
O00275,C104,P029,2023-01-01,2,42.09,Shop
O00158,C181,P016,2023-01-01,2,94.55,Phone
O00433,C093,P009,2023-01-02,2,14.92,Shop
O00032,C004,P016,2023-01-02,3,93.47,Shop
O00985,C041,P049,2023-01-02,1,24.88,Shop
O01001,C057,P011,2023-01-03,1,76.09,Shop
O00780,C118,P029,2023-01-03,1,49.21,Phone
O00678,C202,P026,2023-01-03,8,51.55,Phone
O00606,C088,P027,2023-01-03,2,10.17,Phone
O00719,C131,P009,2023-01-04,1,15.4,Online
O00554,C017,P051,2023-01-04,5,14.64,Phone
O00055,C071,P020,2023-01-04,5,77.07,Online
O00407,C121,P047,2023-01-04,2,6.49,Online
O00030,C074,P028,2023-01-05,3,16.88,Online
O00231,C021,P045,2023-01-05,5,69.34,Shop
O00627,C047,P057,2023-01-06,2,69.32,Shop
O01116,C056,P047,2023-01-06,5,6.28,Shop
O00759,C194,P023,2023-01-06,3,132.41,Field Agent
O00139,C175,P003,2023-01-06,2,17.14,Online
O00684,C150,P020,2023-01-06,5,87.14,Field Agent
O00797,C067,P059,2023-01-06,3,17.04,Online
O00322,C038,P034,2023-01-06,2,23.47,Field Agent
O00727,C109,P024,2023-01-07,2,57.49,Phone
O00662,C116,P011,2023-01-07,3,90.78,Online
O00409,C132,P041,2023-01-08,5,14.46,Field Agent
O00331,C073,P016,2023-01-08,5,94.71,Phone
O00089,C178,P060,2023-01-08,5,15.86,Shop
O00467,C095,P037,2023-01-08,1,39.02,Shop
O00531,C067,P020,2023-01-08,2,66.03,Shop
O01097,C150,P042,2023-01-09,2,20.14,Shop
O00556,C166,P022,2023-01-09,5,200.07,Phone
O00027,C125,P001,2023-01-09,1,40.16,Online
O00218,C073,P016,2023-01-09,5,109.3,Field Agent
O00851,C051,P052,2023-01-10,1,16.97,Shop
O00693,C170,P036,2023-01-11,1,41.95,Shop
O00486,C193,P032,2023-01-11,1,35.97,Shop
O00611,C111,P023,2023-01-12,1,118.55,Phone
O00067,C038,P052,2023-01-12,3,15.45,Online
O00141,C055,P008,2023-01-12,3,33.27,Shop
O00792,C201,P039,2023-01-12,20,13.6,Phone
O00691,C117,P036,2023-01-12,1,45.41,Shop
O00040,C128,P005,2023-01-13,8,3.61,Shop
O00049,C090,P009,2023-01-13,2,14.92,Shop
O00724,C056,P006,2023-01-13,2,5.85,Shop
O00008,C143,P010,2023-01-14,1,16.47,Shop
O00465,C038,P012,2023-01-15,8,448.06,Shop
O00255,C202,P002,2023-01-15,2,44.25,Online
O00063,C089,P012,2023-01-15,3,495.28,Phone
O01105,C151,P056,2023-01-16,2,26.87,Shop
O01080,C099,P005,2023-01-16,1,3.67,Shop
O00311,C176,P056,2023-01-16,8,27.15,Shop
O01047,C134,P020,2023-01-17,1,86.34,Shop
O00629,C086,P032,2023-01-17,1,36.6,Online
O00735,C133,P012,2023-01-18,2,488.62,Field Agent
O00542,C030,P021,2023-01-18,3,76.09,Shop
O00427,C123,P008,2023-01-18,2,39.55,Online
O00335,C108,P015,2023-01-18,1,27.83,Field Agent
O00394,C194,P057,2023-01-19,2,80.09,Phone
O00858,C089,P017,2023-01-20,2,22.47,Field Agent
O01184,C077,P035,2023-01-21,2,18.25,Shop
O00444,C087,P056,2023-01-21,12,21.96,Online
O00663,C162,P041,2023-01-21,3,13.94,Shop
O00882,C158,P001,2023-01-21,1,39.18,Field Agent
O00791,C136,P054,2023-01-22,1,13.82,Phone
O00498,C152,P059,2023-01-22,5,14.43,Shop
O00360,C057,P028,2023-01-22,3,17.7,Online
O01108,C121,P001,2023-01-22,2,37.5,Shop
O00037,C120,P033,2023-01-22,1,21.5,Field Agent
O00723,C057,P033,2023-01-22,2,25.32,Field Agent
O00879,C007,P059,2023-01-22,8,17.84,Online
O00588,C166,P050,2023-01-23,1,8.64,Field Agent
O00912,C147,P028,2023-01-23,5,18.67,Online
O00975,C014,P044,2023-01-24,20,7.77,Phone
O01038,C152,P038,2023-01-24,5,33.29,Phone
O00315,C164,P008,2023-01-24,1,31.42,Online
O00514,C009,P050,2023-01-24,3,6.67,Field Agent
O00919,C032,P045,2023-01-24,12,57.16,Phone
O00068,C173,P001,2023-01-24,3,34.96,Shop
O00300,C146,P024,2023-01-25,1,50.47,Shop
O00621,C183,P054,2023-01-25,1,12.96,Shop
O01173,C054,P018,2023-01-26,2,25.38,Online
O01087,C120,P039,2023-01-26,3,12.9,Shop
O00634,C098,P059,2023-01-26,1,19.1,Shop
O00222,C094,P060,2023-01-27,2,14.05,Shop
O00983,C071,P019,2023-01-27,3,29.75,Shop
O00712,C170,P053,2023-01-28,2,18.92,Online
O00752,C001,P049,2023-01-29,1,21.85,Shop
O00168,C138,P050,2023-01-29,5,8.05,Shop
O01032,C071,P027,2023-01-29,12,8.98,Shop
O00599,C172,P023,2023-01-30,5,146.06,Shop
O00982,C047,P060,2023-01-30,2,15.1,Field Agent
O00789,C004,P033,2023-01-31,3,24.95,Phone
O01009,C096,P022,2023-01-31,2,209.83,Shop
O00310,C027,P018,2023-01-31,2,23.67,Field Agent
O01191,C096,P003,2023-01-31,3,18.19,Shop
O00861,C008,P048,2023-02-01,1,10.54,Field Agent
O00741,C038,P011,2023-02-01,1,85.21,Shop
O00301,C181,P015,2023-02-01,3,30.34,Phone
O01098,C107,P044,2023-02-01,2,6.57,Online
O00823,C172,P058,2023-02-01,8,27.6,Phone
O00321,C054,P046,2023-02-02,1,28.68,Online
O00480,C200,P004,2023-02-02,2,11.89,Shop
O01086,C123,P044,2023-02-02,3,7.81,Phone
O00609,C129,P056,2023-02-02,1,21.67,Shop
O01033,C095,P027,2023-02-02,8,8.48,Shop
O00226,C024,P036,2023-02-02,1,40.63,Field Agent
O00930,C103,P035,2023-02-02,3,19.65,Shop
O00992,C040,P041,2023-02-02,2,14.75,Online
O00376,C034,P004,2023-02-03,3,10.86,Phone
O00313,C197,P023,2023-02-03,2,127.15,Phone
O00570,C132,P007,2023-02-03,1,4.34,Phone
O00124,C164,P046,2023-02-04,2,22.33,Shop
O00636,C033,P055,2023-02-04,1,11.87,Field Agent
O00190,C132,P032,2023-02-04,12,44.88,Shop
O00359,C043,P055,2023-02-04,1,13.46,Phone
O01168,C010,P034,2023-02-04,5,28.03,Shop
O00392,C068,P028,2023-02-04,1,18.87,Online
O00388,C073,P029,2023-02-04,5,45.9,Phone
O00777,C099,P044,2023-02-04,5,7.15,Phone
O00303,C043,P002,2023-02-05,5,46.24,Phone
O00951,C127,P030,2023-02-05,20,70.32,Shop
O00420,C112,P035,2023-02-05,5,19.3,Shop
O00730,C156,P035,2023-02-06,1,15.21,Phone
O00172,C017,P046,2023-02-06,3,27.59,Online
O00024,C068,P057,2023-02-07,2,83.19,Online
O00680,C075,P048,2023-02-07,8,9.08,Shop
O00910,C054,P047,2023-02-07,3,5.73,Phone
O00015,C136,P021,2023-02-07,3,70.54,Shop
O00893,C128,P007,2023-02-08,20,4.37,Online
O01109,C090,P034,2023-02-09,3,27.93,Shop
O01119,C047,P019,2023-02-09,2,34.5,Field Agent
O01006,C092,P005,2023-02-09,2,4.4,Phone
O00696,C122,P037,2023-02-10,8,42.14,Phone
O00720,C010,P018,2023-02-10,1,22.87,Shop
O00182,C082,P053,2023-02-10,3,20.04,Shop
O00628,C059,P050,2023-02-10,3,8.64,Shop
O00665,C126,P052,2023-02-11,5,13.59,Shop
O00710,C109,P008,2023-02-11,8,33.67,Field Agent
O00706,C136,P026,2023-02-12,1,43.32,Phone
O01016,C021,P021,2023-02-12,2,86.97,Online
O00564,C067,P055,2023-02-12,1,13.38,Shop
O00314,C001,P057,2023-02-12,5,66.32,Shop
O00199,C202,P030,2023-02-13,8,63.39,Phone
O00637,C010,P011,2023-02-13,2,78.99,Field Agent
O00178,C195,P014,2023-02-14,5,54.95,Field Agent
O00127,C101,P022,2023-02-14,1,163.34,Shop
O00766,C179,P015,2023-02-14,1,33.99,Online
O01127,C098,P007,2023-02-14,1,4.93,Shop
O00866,C097,P001,2023-02-14,2,43.85,Shop
O01061,C136,P039,2023-02-15,2,13.74,Shop
O00410,C183,P031,2023-02-16,3,26.02,Shop
O00802,C099,P013,2023-02-16,5,187.91,Phone
O00308,C090,P038,2023-02-16,2,35.0,Phone
O00430,C057,P008,2023-02-17,2,34.82,Online
O01035,C120,P056,2023-02-17,3,20.51,Shop
O00545,C128,P042,2023-02-18,12,19.65,Online
O00133,C169,P027,2023-02-18,1,9.76,Field Agent
O00891,C090,P052,2023-02-18,12,15.18,Field Agent
O00111,C180,P038,2023-02-18,12,35.26,Shop
O00726,C102,P003,2023-02-19,3,16.97,Field Agent
O00909,C028,P036,2023-02-19,3,42.71,Shop
O01148,C125,P049,2023-02-19,3,24.69,Shop
O00266,C058,P022,2023-02-20,1,166.41,Phone
O00423,C197,P042,2023-02-20,3,21.5,Online
O00501,C169,P003,2023-02-20,3,21.53,Field Agent
O00062,C073,P001,2023-02-20,5,43.02,Phone
O00097,C189,P052,2023-02-20,2,16.27,Online
O00078,C034,P005,2023-02-21,2,3.9,Phone
O00187,C195,P003,2023-02-21,2,19.66,Shop
O00510,C130,P053,2023-02-21,2,22.2,Shop
O00527,C092,P007,2023-02-21,20,4.91,Phone
O00306,C135,P005,2023-02-21,2,4.21,Phone
O00533,C070,P059,2023-02-22,12,16.17,Phone
O00354,C189,P011,2023-02-22,8,77.25,Shop
O00894,C122,P012,2023-02-23,8,410.32,Shop
O00207,C021,P053,2023-02-23,20,18.96,Shop
O00795,C121,P050,2023-02-24,2,8.54,Shop
O00181,C145,P023,2023-02-24,3,121.73,Online
O00616,C146,P039,2023-02-24,5,10.95,Shop
O00154,C084,P049,2023-02-25,3,22.21,Shop
O00110,C089,P012,2023-02-25,3,412.05,Shop
O01059,C162,P036,2023-02-25,2,47.75,Field Agent
O00829,C009,P059,2023-02-25,5,15.73,Shop
O00145,C140,P012,2023-02-26,1,380.01,Shop
O01076,C006,P004,2023-02-26,3,11.71,Shop
O00577,C131,P017,2023-02-26,12,25.57,Online
O01053,C024,P033,2023-02-27,2,26.65,Shop
O00820,C154,P035,2023-02-27,1,16.7,Shop
O00913,C036,P030,2023-02-27,8,66.28,Shop
O00006,C170,P007,2023-02-28,8,4.16,Phone
O00963,C170,P049,2023-02-28,2,25.18,Shop
O00358,C160,P004,2023-02-28,3,9.25,Phone
O01042,C177,P002,2023-03-01,2,43.54,Shop
O00683,C173,P024,2023-03-01,3,60.71,Phone
O00940,C026,P033,2023-03-03,1,28.0,Shop
O00673,C023,P047,2023-03-03,8,5.51,Online
O00232,C079,P022,2023-03-03,12,215.34,Shop
O00827,C050,P002,2023-03-03,5,46.59,Shop
O00460,C177,P001,2023-03-04,1,40.64,Field Agent
O00368,C086,P053,2023-03-05,1,21.84,Online
O01012,C014,P027,2023-03-05,3,9.43,Field Agent
O00839,C015,P003,2023-03-05,1,16.91,Phone
O01094,C177,P011,2023-03-05,8,95.31,Online
O01111,C166,P014,2023-03-06,5,56.87,Field Agent
O00674,C060,P017,2023-03-06,5,24.02,Shop
O00007,C007,P042,2023-03-06,5,19.6,Shop
O00489,C045,P016,2023-03-07,5,103.6,Online
O01129,C203,P038,2023-03-07,2,35.58,Online
O00757,C132,P051,2023-03-07,12,13.02,Phone
O01092,C046,P045,2023-03-07,3,66.53,Shop
O00411,C164,P030,2023-03-07,1,62.53,Online
O00171,C179,P048,2023-03-08,3,8.88,Online
O00449,C082,P027,2023-03-09,3,8.87,Shop
O00019,C102,P001,2023-03-09,1,42.08,Online
O00105,C133,P026,2023-03-09,12,43.04,Online
O01114,C122,P057,2023-03-10,1,81.03,Phone
O00904,C207,P058,2023-03-10,1,34.35,Shop
O00318,C111,P005,2023-03-10,5,4.29,Online
O00635,C098,P051,2023-03-10,3,14.43,Phone
O00350,C034,P053,2023-03-11,5,20.63,Shop
O00875,C026,P043,2023-03-11,1,11.44,Phone
O00336,C144,P003,2023-03-11,8,19.81,Shop
O00929,C006,P012,2023-03-11,1,479.75,Shop
O00243,C102,P040,2023-03-12,5,34.35,Shop
O00870,C157,P049,2023-03-12,1,21.02,Shop
O00455,C054,P014,2023-03-12,1,51.61,Field Agent
O00421,C199,P021,2023-03-13,2,77.98,Field Agent
O00028,C024,P052,2023-03-14,1,14.58,Shop
O00596,C118,P021,2023-03-14,8,74.09,Online
O01000,C191,P039,2023-03-14,1,14.13,Shop
O00437,C033,P050,2023-03-15,1,6.84,Shop
O00416,C064,P054,2023-03-15,20,15.42,Phone
O00526,C094,P007,2023-03-15,3,4.82,Phone
O00405,C150,P019,2023-03-15,1,30.53,Phone
O01147,C049,P038,2023-03-16,3,35.4,Phone
O01149,C106,P044,2023-03-16,5,7.79,Phone
O00101,C009,P031,2023-03-16,2,31.12,Shop
O00494,C047,P023,2023-03-17,1,125.09,Online
O01178,C210,P051,2023-03-17,3,14.48,Field Agent
O00035,C178,P052,2023-03-17,5,13.84,Online
O00367,C107,P006,2023-03-17,5,5.07,Shop
O00434,C126,P011,2023-03-18,1,85.66,Field Agent
O00084,C122,P057,2023-03-18,12,79.47,Shop
O01043,C102,P050,2023-03-18,5,7.57,Field Agent
O00530,C164,P038,2023-03-19,12,28.4,Online
O00744,C012,P046,2023-03-19,1,23.15,Shop
O00546,C103,P030,2023-03-19,1,74.49,Online
O00630,C084,P031,2023-03-19,2,25.64,Online
O00676,C054,P055,2023-03-20,1,10.87,Shop
O00441,C022,P044,2023-03-20,5,7.71,Field Agent
O00442,C060,P043,2023-03-20,2,13.31,Shop
O01041,C052,P041,2023-03-21,2,16.86,Shop
O00398,C138,P021,2023-03-21,2,72.38,Shop
O00620,C165,P019,2023-03-21,12,34.38,Online
O00098,C120,P015,2023-03-21,1,27.51,Shop
O00234,C034,P021,2023-03-22,20,85.78,Phone
O01181,C022,P060,2023-03-22,2,14.27,Shop
O00659,C067,P024,2023-03-22,3,62.3,Shop
O01154,C152,P009,2023-03-22,3,18.39,Shop
O00597,C040,P033,2023-03-23,5,27.88,Field Agent
O01183,C065,P041,2023-03-23,5,17.39,Shop
O01002,C104,P007,2023-03-23,3,3.75,Shop
O00033,C180,P006,2023-03-23,2,6.07,Shop
O00042,C191,P057,2023-03-24,2,72.73,Online
O01196,C168,P007,2023-03-24,20,4.56,Phone
O00883,C171,P055,2023-03-24,1,12.59,Online
O00191,C076,P026,2023-03-24,12,44.75,Phone
O00074,C185,P034,2023-03-26,3,27.19,Phone
O00594,C171,P004,2023-03-26,8,9.76,Shop
O00228,C021,P004,2023-03-26,2,11.09,Field Agent
O00081,C043,P034,2023-03-26,5,25.66,Shop
O00949,C153,P027,2023-03-26,2,8.61,Shop
O00069,C120,P021,2023-03-26,2,83.55,Field Agent
O00849,C017,P008,2023-03-26,2,38.53,Shop
O00561,C046,P059,2023-03-27,12,18.18,Shop
O00202,C077,P049,2023-03-27,2,24.52,Phone
O00096,C002,P006,2023-03-27,3,6.14,Shop
O00814,C012,P004,2023-03-27,1,11.23,Field Agent
O01011,C124,P006,2023-03-28,2,6.17,Shop
O00404,C037,P015,2023-03-28,2,29.4,Phone
O00887,C076,P051,2023-03-28,8,15.16,Shop
O01050,C085,P013,2023-03-29,2,176.56,Online
O00884,C104,P054,2023-03-29,5,16.43,Online
O00924,C067,P021,2023-03-29,5,82.76,Online
O00323,C033,P006,2023-03-29,8,5.91,Online
O01054,C154,P060,2023-03-30,3,14.85,Shop
O00793,C023,P011,2023-03-30,2,81.32,Shop
O00451,C127,P044,2023-03-30,1,6.23,Shop
O00754,C191,P048,2023-03-31,2,10.13,Field Agent
O00707,C181,P002,2023-04-01,5,47.96,Online
O00872,C059,P003,2023-04-01,1,19.43,Field Agent
O01096,C022,P012,2023-04-01,2,490.07,Shop
O00593,C008,P019,2023-04-01,3,38.32,Online
O00436,C001,P053,2023-04-01,5,20.51,Phone
O00163,C121,P015,2023-04-01,2,35.09,Shop
O00675,C106,P057,2023-04-02,3,80.26,Shop
O00906,C188,P025,2023-04-02,8,78.99,Shop
O00639,C161,P008,2023-04-02,3,35.18,Phone
O00212,C065,P039,2023-04-02,3,11.37,Shop
O00499,C120,P017,2023-04-03,2,27.06,Shop
O00903,C181,P051,2023-04-03,20,14.09,Online
O00253,C053,P001,2023-04-03,8,40.28,Field Agent
O01100,C186,P001,2023-04-03,5,39.65,Field Agent
O00443,C114,P012,2023-04-04,3,492.2,Phone
O00986,C055,P052,2023-04-04,8,14.57,Shop
O00695,C082,P001,2023-04-05,1,39.16,Online
O00324,C151,P032,2023-04-06,1,43.58,Phone
O00518,C131,P031,2023-04-06,3,33.24,Phone
O00843,C091,P010,2023-04-06,1,15.23,Shop
O00304,C008,P057,2023-04-06,2,70.04,Shop
O00732,C140,P039,2023-04-07,1,12.9,Shop
O00787,C177,P043,2023-04-07,1,12.81,Shop
O00528,C065,P047,2023-04-07,1,6.51,Shop
O01095,C155,P044,2023-04-07,2,7.57,Shop
O00544,C029,P058,2023-04-07,1,36.78,Online
O01102,C194,P024,2023-04-07,2,57.9,Field Agent
O00091,C044,P042,2023-04-08,5,24.63,Phone
O00512,C083,P026,2023-04-08,3,39.71,Online
O00736,C068,P030,2023-04-09,1,59.54,Shop
O00821,C165,P006,2023-04-09,20,6.24,Shop
O00333,C113,P055,2023-04-10,1,12.19,Shop
O00142,C040,P031,2023-04-10,5,25.31,Field Agent
O00994,C132,P054,2023-04-11,5,13.31,Online
O00408,C086,P013,2023-04-11,12,181.84,Online
O00869,C109,P054,2023-04-12,3,15.7,Phone
O00520,C108,P047,2023-04-12,2,6.46,Shop
O00965,C167,P046,2023-04-12,3,25.92,Online
O01003,C002,P044,2023-04-12,1,7.88,Shop
O00079,C072,P005,2023-04-13,3,3.94,Online
O00755,C094,P053,2023-04-14,1,20.35,Online
O00623,C131,P037,2023-04-15,12,40.43,Shop
O00773,C194,P003,2023-04-16,1,22.36,Shop
O00279,C020,P031,2023-04-17,8,32.44,Shop
O00633,C154,P033,2023-04-17,12,27.09,Shop
O00950,C150,P016,2023-04-18,3,92.17,Phone
O00960,C137,P042,2023-04-18,1,24.7,Shop
O00470,C106,P012,2023-04-19,5,405.54,Online
O00917,C094,P036,2023-04-19,1,46.66,Shop
O00925,C029,P044,2023-04-20,2,7.46,Field Agent
O00057,C109,P016,2023-04-21,5,113.92,Online
O00088,C084,P001,2023-04-21,2,43.48,Shop
O00655,C001,P049,2023-04-21,2,25.02,Phone
O00958,C034,P026,2023-04-22,1,46.03,Field Agent
O00113,C010,P037,2023-04-23,3,43.05,Shop
O00571,C209,P055,2023-04-23,5,12.14,Field Agent
O00816,C031,P006,2023-04-23,1,6.57,Shop
O00488,C124,P001,2023-04-23,3,36.14,Shop
O00751,C109,P044,2023-04-25,12,7.59,Online
O00452,C150,P060,2023-04-25,1,16.92,Shop
O00750,C170,P020,2023-04-26,1,87.08,Online
O00618,C191,P023,2023-04-26,2,144.53,Shop
O00122,C132,P034,2023-04-26,8,26.98,Phone
O00774,C182,P051,2023-04-26,1,15.1,Online
O01117,C003,P009,2023-04-26,5,15.13,Shop
O00641,C174,P053,2023-04-26,12,18.09,Shop
O00892,C035,P023,2023-04-26,2,122.66,Field Agent
O00400,C045,P029,2023-04-27,12,50.56,Shop
O00868,C012,P006,2023-04-27,2,5.54,Shop
O00426,C038,P040,2023-04-27,1,36.06,Phone
O00056,C150,P003,2023-04-27,5,18.53,Shop
O01081,C131,P029,2023-04-28,1,46.85,Shop
O00825,C117,P033,2023-04-28,3,26.13,Shop
O01126,C041,P007,2023-04-28,5,4.81,Phone
O00121,C084,P058,2023-04-29,2,36.77,Shop
O00092,C144,P057,2023-04-29,1,72.06,Shop
O00051,C013,P053,2023-04-29,2,21.22,Shop
O00114,C009,P055,2023-04-29,1,11.75,Field Agent
O00807,C124,P011,2023-04-29,3,90.05,Shop
O00559,C188,P006,2023-04-29,1,6.68,Online
O00370,C120,P049,2023-04-30,2,22.52,Phone
O01063,C082,P030,2023-04-30,3,70.87,Phone
O00250,C194,P035,2023-05-01,1,18.05,Shop
O00974,C023,P033,2023-05-01,2,24.96,Shop
O00734,C170,P026,2023-05-01,2,47.63,Shop
O00962,C056,P051,2023-05-02,3,15.08,Online
O00109,C058,P051,2023-05-02,2,12.51,Shop
O01167,C087,P054,2023-05-02,12,12.63,Shop
O00215,C007,P042,2023-05-03,3,18.98,Shop
O00288,C150,P054,2023-05-03,5,14.01,Shop
O00954,C120,P007,2023-05-03,5,4.61,Online
O01123,C148,P056,2023-05-04,2,25.18,Field Agent
O00961,C087,P032,2023-05-05,12,41.17,Online
O00374,C153,P005,2023-05-05,20,3.89,Phone
O01134,C188,P049,2023-05-05,1,24.77,Shop
O00183,C031,P036,2023-05-06,5,47.33,Shop
O00208,C185,P044,2023-05-06,1,6.18,Shop
O00261,C083,P042,2023-05-06,20,24.79,Field Agent
O01156,C020,P046,2023-05-07,1,27.68,Shop
O00834,C108,P043,2023-05-07,1,10.86,Shop
O00060,C097,P014,2023-05-07,3,51.38,Shop
O00828,C002,P045,2023-05-07,3,65.9,Shop
O00996,C111,P010,2023-05-07,1,16.64,Online
O01065,C093,P031,2023-05-08,1,30.64,Field Agent
O01083,C057,P052,2023-05-08,8,15.41,Shop
O01198,C182,P012,2023-05-08,2,484.99,Phone
O01188,C004,P018,2023-05-08,12,23.85,Online
O01066,C088,P026,2023-05-09,1,44.53,Shop
O00769,C098,P045,2023-05-09,2,65.37,Shop
O00841,C107,P053,2023-05-09,2,22.65,Shop
O00242,C049,P005,2023-05-09,3,4.25,Shop
O00516,C131,P034,2023-05-09,3,29.61,Shop
O00549,C088,P057,2023-05-09,12,67.04,Shop
O00966,C124,P026,2023-05-12,2,50.1,Phone
O01135,C159,P008,2023-05-12,1,33.97,Field Agent
O00025,C162,P051,2023-05-12,1,15.06,Online
O00412,C114,P055,2023-05-12,3,11.32,Shop
O00856,C085,P018,2023-05-13,1,21.17,Online
O00669,C154,P031,2023-05-13,5,29.64,Shop
O00981,C191,P032,2023-05-13,5,40.78,Field Agent
O00357,C150,P008,2023-05-13,1,37.56,Shop
O01085,C209,P013,2023-05-14,20,168.16,Online
O00786,C167,P051,2023-05-14,1,11.95,Phone
O00625,C174,P042,2023-05-14,2,19.07,Phone
O00246,C134,P018,2023-05-14,1,22.01,Shop
O00772,C107,P040,2023-05-14,8,38.32,Shop
O01036,C148,P055,2023-05-15,5,10.93,Shop
O00211,C101,P049,2023-05-15,3,24.85,Online
O00428,C025,P035,2023-05-15,3,19.12,Shop
O00431,C060,P001,2023-05-15,1,43.43,Shop
O00072,C015,P056,2023-05-16,8,24.63,Phone
O01164,C207,P026,2023-05-16,1,47.92,Field Agent
O00725,C131,P006,2023-05-16,1,5.44,Field Agent
O00783,C024,P055,2023-05-17,5,13.52,Online
O00742,C037,P032,2023-05-17,1,36.86,Online
O00568,C064,P041,2023-05-17,5,14.35,Phone
O01152,C197,P003,2023-05-17,12,21.73,Shop
O00297,C088,P051,2023-05-17,3,11.83,Shop
O00099,C082,P015,2023-05-17,5,31.99,Shop
O00126,C010,P029,2023-05-18,1,45.92,Shop
O00272,C074,P038,2023-05-18,1,35.58,Field Agent
O00656,C093,P032,2023-05-18,1,34.99,Shop
O00365,C036,P047,2023-05-19,3,5.47,Field Agent
O01060,C199,P015,2023-05-20,1,27.49,Shop
O00815,C176,P048,2023-05-20,12,9.31,Phone
O01073,C077,P021,2023-05-20,3,84.32,Shop
O00201,C161,P048,2023-05-20,2,9.18,Shop
O00587,C187,P002,2023-05-20,2,46.26,Phone
O00701,C065,P015,2023-05-21,5,30.69,Field Agent
O01070,C170,P024,2023-05-21,8,54.29,Shop
O00946,C169,P034,2023-05-21,1,25.16,Online
O00980,C061,P055,2023-05-22,2,13.46,Field Agent
O00348,C047,P033,2023-05-22,3,25.56,Shop
O01146,C133,P006,2023-05-23,5,5.07,Shop
O00922,C092,P037,2023-05-23,2,38.69,Online
O00298,C164,P054,2023-05-23,12,13.88,Shop
O01064,C078,P043,2023-05-23,3,10.2,Phone
O00472,C164,P014,2023-05-23,5,48.27,Field Agent
O00995,C170,P014,2023-05-24,3,59.03,Phone
O00688,C174,P001,2023-05-24,3,36.09,Phone
O00574,C209,P021,2023-05-24,12,86.95,Shop
O01013,C154,P003,2023-05-25,3,19.5,Field Agent
O01034,C135,P054,2023-05-25,1,13.06,Shop
O01106,C015,P058,2023-05-26,1,33.76,Field Agent
O00337,C055,P029,2023-05-26,5,53.58,Phone
O00352,C075,P019,2023-05-27,2,32.58,Online
O00490,C171,P036,2023-05-28,2,38.2,Online
O00415,C005,P022,2023-05-28,2,198.4,Shop
O00065,C151,P026,2023-05-28,1,41.63,Online
O00617,C152,P006,2023-05-28,5,5.23,Shop
O00017,C129,P004,2023-05-28,12,9.42,Online
O00418,C035,P011,2023-05-29,2,87.77,Shop
O01138,C142,P056,2023-05-30,1,26.23,Shop
O00562,C047,P046,2023-05-31,2,28.64,Phone
O01194,C081,P024,2023-05-31,2,53.74,Shop
O00926,C045,P012,2023-06-01,5,379.45,Shop
O00454,C014,P013,2023-06-01,12,199.66,Shop
O01151,C034,P041,2023-06-01,20,14.17,Shop
O00349,C086,P034,2023-06-01,12,29.69,Online
O00604,C041,P055,2023-06-02,2,12.75,Field Agent
O00483,C051,P049,2023-06-02,5,19.91,Shop
O00013,C132,P009,2023-06-03,2,16.12,Shop
O00295,C084,P051,2023-06-03,3,11.65,Shop
O01051,C050,P030,2023-06-03,2,64.82,Phone
O00784,C145,P013,2023-06-03,12,197.93,Field Agent
O00425,C200,P052,2023-06-04,1,14.31,Shop
O00601,C179,P001,2023-06-04,5,40.52,Online
O01025,C031,P013,2023-06-05,1,213.45,Shop
O00871,C013,P045,2023-06-05,1,64.06,Online
O00377,C100,P053,2023-06-06,2,19.63,Shop
O01056,C095,P049,2023-06-06,1,20.06,Shop
O00149,C162,P005,2023-06-06,1,4.05,Shop
O01057,C050,P037,2023-06-06,2,35.17,Phone
O00326,C122,P051,2023-06-06,2,12.98,Shop
O00591,C085,P026,2023-06-07,5,48.7,Phone
O00309,C081,P012,2023-06-07,5,442.03,Field Agent
O00167,C114,P026,2023-06-07,20,43.58,Field Agent
O00439,C052,P038,2023-06-07,1,34.3,Online
O00076,C127,P029,2023-06-08,12,48.54,Online
O00107,C128,P040,2023-06-08,5,35.11,Shop
O00902,C171,P019,2023-06-08,1,31.13,Shop
O00248,C022,P043,2023-06-08,1,11.56,Shop
O01089,C182,P038,2023-06-08,2,28.6,Shop
O00936,C119,P002,2023-06-08,5,46.23,Shop
O00800,C042,P042,2023-06-08,1,23.77,Online
O01074,C194,P052,2023-06-08,8,15.66,Phone
O00890,C025,P042,2023-06-09,12,19.58,Shop
O00947,C079,P018,2023-06-09,1,23.59,Phone
O00185,C058,P002,2023-06-09,1,41.88,Online
O00711,C194,P050,2023-06-10,20,8.5,Shop
O00746,C118,P027,2023-06-10,8,9.53,Field Agent
O00136,C125,P047,2023-06-10,8,5.82,Phone
O00920,C188,P034,2023-06-11,2,24.77,Shop
O00070,C141,P047,2023-06-11,3,6.87,Shop
O00586,C062,P056,2023-06-12,5,22.4,Field Agent
O00118,C028,P050,2023-06-12,2,7.54,Phone
O00998,C046,P028,2023-06-13,2,18.41,Online
O00044,C173,P044,2023-06-14,1,6.38,Field Agent
O00064,C026,P046,2023-06-14,2,22.97,Shop
O00161,C129,P004,2023-06-14,1,9.83,Shop
O01024,C031,P047,2023-06-14,1,6.21,Phone
O00799,C131,P038,2023-06-14,20,36.65,Shop
O00667,C033,P031,2023-06-15,1,32.21,Shop
O01028,C014,P016,2023-06-15,1,117.23,Shop
O00971,C040,P001,2023-06-16,1,45.12,Phone
O00762,C101,P007,2023-06-16,8,4.01,Phone
O00811,C193,P033,2023-06-16,8,22.78,Online
O01186,C101,P036,2023-06-17,1,47.4,Shop
O00537,C028,P043,2023-06-17,20,11.28,Shop
O00284,C097,P059,2023-06-18,1,15.98,Phone
O00463,C122,P027,2023-06-18,20,7.87,Shop
O00016,C072,P041,2023-06-19,8,17.03,Online
O01037,C070,P036,2023-06-19,5,39.28,Shop
O00038,C108,P042,2023-06-19,1,21.68,Online
O00679,C157,P010,2023-06-20,1,17.84,Phone
O00399,C118,P004,2023-06-20,2,9.09,Shop
O00103,C079,P060,2023-06-20,1,14.11,Shop
O01150,C154,P042,2023-06-20,2,23.2,Field Agent
O00251,C035,P040,2023-06-20,5,41.24,Phone
O00565,C088,P058,2023-06-21,12,35.46,Shop
O00237,C103,P029,2023-06-21,2,49.68,Shop
O00788,C033,P028,2023-06-21,2,20.29,Shop
O00832,C034,P043,2023-06-21,2,13.5,Shop
O00401,C076,P048,2023-06-21,20,10.95,Field Agent
O00487,C182,P035,2023-06-21,20,15.89,Shop
O00810,C137,P049,2023-06-22,5,20.53,Shop
O00702,C171,P052,2023-06-22,2,15.49,Shop
O00240,C095,P048,2023-06-22,1,8.65,Phone
O01015,C203,P036,2023-06-22,2,45.23,Shop
O00041,C002,P018,2023-06-22,1,25.52,Phone
O01185,C011,P038,2023-06-22,1,30.46,Online
O00347,C201,P028,2023-06-23,8,19.9,Online
O00217,C098,P036,2023-06-23,1,38.58,Shop
O00819,C128,P058,2023-06-24,2,31.43,Online
O00344,C088,P040,2023-06-24,2,34.43,Phone
O00666,C186,P060,2023-06-25,1,13.99,Phone
O00779,C075,P050,2023-06-25,2,6.9,Phone
O00576,C119,P042,2023-06-25,2,20.73,Online
O00249,C051,P008,2023-06-25,5,33.56,Shop
O01161,C040,P015,2023-06-26,2,27.42,Shop
O00036,C103,P001,2023-06-26,1,38.88,Field Agent
O00200,C063,P029,2023-06-26,8,50.29,Shop
O01142,C103,P051,2023-06-26,3,13.1,Phone
O00538,C101,P056,2023-06-26,1,21.33,Shop
O00477,C086,P005,2023-06-26,1,4.16,Shop
O00241,C095,P004,2023-06-27,1,11.52,Field Agent
O00043,C139,P056,2023-06-27,1,27.09,Online
O00256,C082,P031,2023-06-27,1,29.11,Shop
O00160,C162,P026,2023-06-28,1,44.48,Shop
O01144,C090,P002,2023-06-28,3,44.75,Online
O00085,C066,P017,2023-06-28,2,22.75,Shop
O01101,C124,P006,2023-06-29,2,6.51,Online
O00957,C102,P028,2023-06-29,20,19.09,Shop
O01045,C060,P044,2023-06-29,3,7.0,Shop
O00813,C180,P026,2023-06-29,1,49.94,Online
O01170,C042,P044,2023-06-30,5,7.48,Field Agent
O00877,C175,P027,2023-06-30,12,9.07,Shop
O00560,C111,P034,2023-06-30,1,28.31,Online
O00880,C135,P011,2023-06-30,8,82.76,Shop
O01128,C051,P031,2023-06-30,3,32.74,Shop
O01124,C029,P017,2023-06-30,5,23.14,Phone
O00842,C106,P042,2023-06-30,8,19.34,Online
O00492,C023,P030,2023-06-30,12,59.12,Phone
O00889,C154,P058,2023-07-01,8,28.42,Field Agent
O00647,C145,P056,2023-07-01,3,21.14,Shop
O00188,C025,P008,2023-07-02,1,33.46,Shop
O00476,C196,P014,2023-07-02,5,49.1,Phone
O00716,C101,P048,2023-07-03,20,11.09,Shop
O00157,C188,P030,2023-07-03,20,61.21,Shop
O01130,C024,P009,2023-07-03,8,16.7,Phone
O00353,C097,P005,2023-07-03,12,3.85,Field Agent
O01093,C115,P054,2023-07-03,3,13.3,Online
O00148,C155,P007,2023-07-04,1,4.29,Shop
O00999,C068,P004,2023-07-04,3,10.28,Online
O01187,C022,P041,2023-07-05,2,14.86,Shop
O00600,C149,P009,2023-07-05,5,16.54,Shop
O00765,C139,P003,2023-07-05,5,20.1,Phone
O01023,C022,P046,2023-07-05,8,21.64,Phone
O00987,C080,P041,2023-07-05,3,15.63,Shop
O00332,C073,P058,2023-07-06,3,31.29,Shop
O01160,C177,P031,2023-07-07,8,29.04,Online
O00806,C186,P050,2023-07-08,1,6.68,Phone
O00419,C163,P045,2023-07-08,2,65.71,Online
O00131,C104,P054,2023-07-09,1,13.3,Shop
O00612,C023,P056,2023-07-09,1,22.0,Phone
O00173,C126,P013,2023-07-09,1,201.17,Field Agent
O00169,C107,P024,2023-07-09,1,60.81,Shop
O00803,C185,P040,2023-07-10,5,34.89,Shop
O00970,C021,P025,2023-07-10,3,75.91,Phone
O00278,C136,P052,2023-07-10,2,16.2,Field Agent
O00245,C140,P027,2023-07-11,2,8.22,Online
O00844,C054,P045,2023-07-11,1,68.13,Online
O00717,C133,P018,2023-07-11,12,21.45,Field Agent
O00150,C066,P021,2023-07-11,1,75.93,Shop
O00931,C017,P026,2023-07-11,3,43.77,Phone
O00900,C018,P024,2023-07-11,8,53.65,Online
O01122,C041,P058,2023-07-12,12,36.01,Phone
O00176,C023,P009,2023-07-12,5,18.14,Shop
O01112,C163,P044,2023-07-12,2,6.72,Shop
O00130,C158,P038,2023-07-12,1,34.54,Shop
O00847,C197,P008,2023-07-13,5,34.19,Shop
O00496,C013,P041,2023-07-14,1,15.43,Online
O00558,C017,P043,2023-07-15,5,13.58,Online
O01158,C037,P053,2023-07-16,1,17.55,Field Agent
O00698,C149,P044,2023-07-16,1,6.52,Shop
O00622,C077,P040,2023-07-16,1,35.58,Online
O00990,C046,P018,2023-07-17,1,22.52,Field Agent
O00539,C185,P044,2023-07-17,2,7.48,Online
O00146,C098,P005,2023-07-17,2,3.91,Field Agent
O00836,C187,P053,2023-07-17,8,20.38,Shop
O00147,C073,P015,2023-07-17,2,27.38,Shop
O00095,C139,P002,2023-07-17,2,44.38,Shop
O00573,C099,P059,2023-07-17,1,19.01,Phone
O00921,C163,P058,2023-07-18,8,29.32,Shop
O00671,C037,P034,2023-07-19,5,26.28,Shop
O00058,C044,P050,2023-07-19,1,6.89,Shop
O00687,C059,P018,2023-07-20,1,24.92,Shop
O00517,C112,P013,2023-07-20,2,174.0,Shop
O00128,C145,P026,2023-07-20,2,48.76,Shop
O01176,C114,P055,2023-07-20,8,13.26,Shop
O00108,C032,P034,2023-07-21,3,22.99,Online
O01062,C096,P004,2023-07-21,1,9.31,Phone
O00509,C117,P057,2023-07-22,2,68.76,Online
O00125,C196,P001,2023-07-22,8,43.2,Phone
O01049,C144,P026,2023-07-22,1,47.98,Shop
O00824,C039,P026,2023-07-23,3,49.65,Phone
O01200,C113,P021,2023-07-23,1,91.69,Phone
O00209,C115,P001,2023-07-23,1,39.83,Online
O00932,C066,P014,2023-07-24,12,51.92,Shop
O00422,C193,P048,2023-07-24,1,10.24,Phone
O00221,C120,P035,2023-07-24,12,17.97,Field Agent
O01030,C092,P053,2023-07-24,5,18.3,Online
O00164,C090,P037,2023-07-25,8,36.41,Field Agent
O00356,C179,P007,2023-07-25,8,4.54,Online
O00307,C044,P019,2023-07-25,5,33.16,Shop
O01007,C095,P048,2023-07-25,2,9.5,Phone
O00448,C188,P029,2023-07-26,12,54.04,Shop
O00651,C103,P044,2023-07-26,1,6.72,Phone
O00205,C043,P031,2023-07-26,5,27.9,Shop
O00886,C111,P017,2023-07-26,20,24.32,Shop
O00402,C185,P049,2023-07-27,5,21.48,Shop
O01180,C113,P019,2023-07-27,5,34.85,Shop
O00174,C176,P049,2023-07-27,2,21.33,Shop
O00790,C180,P040,2023-07-27,1,31.26,Shop
O00991,C077,P028,2023-07-28,3,19.57,Shop
O01046,C100,P018,2023-07-28,5,20.86,Phone
O00341,C152,P054,2023-07-28,2,15.8,Field Agent
O01163,C150,P053,2023-07-28,1,21.44,Shop
O00180,C055,P008,2023-07-28,3,31.99,Field Agent
O01174,C033,P033,2023-07-29,12,26.78,Online
O00018,C187,P038,2023-07-29,12,30.24,Field Agent
O00379,C145,P003,2023-07-30,5,17.24,Phone
O00704,C105,P015,2023-07-30,5,31.63,Phone
O00257,C157,P016,2023-07-30,1,103.99,Online
O00911,C027,P007,2023-07-30,1,3.79,Shop
O00446,C105,P057,2023-07-30,8,76.74,Phone
O00873,C043,P004,2023-07-31,2,10.97,Online
O00457,C044,P036,2023-07-31,1,49.24,Phone
O00863,C032,P042,2023-08-01,8,19.81,Shop
O00511,C029,P050,2023-08-01,2,8.52,Field Agent
O00387,C149,P047,2023-08-01,1,6.9,Online
O00417,C117,P034,2023-08-02,2,25.63,Online
O00948,C047,P048,2023-08-02,5,9.81,Shop
O00652,C168,P052,2023-08-02,2,13.9,Phone
O00731,C144,P057,2023-08-02,2,72.26,Online
O00440,C144,P013,2023-08-03,1,207.04,Online
O00380,C030,P045,2023-08-03,1,66.91,Shop
O00342,C195,P029,2023-08-03,2,45.27,Online
O00782,C131,P048,2023-08-03,3,10.0,Field Agent
O00608,C118,P024,2023-08-03,5,61.36,Shop
O00026,C043,P055,2023-08-03,2,13.81,Shop
O00770,C066,P054,2023-08-04,3,12.72,Shop
O00968,C155,P014,2023-08-04,3,57.12,Phone
O00753,C086,P033,2023-08-04,1,21.58,Phone
O00817,C028,P013,2023-08-05,2,197.65,Phone
O00281,C081,P035,2023-08-05,8,18.79,Phone
O00138,C125,P049,2023-08-05,3,22.69,Shop
O00833,C144,P018,2023-08-05,1,22.44,Field Agent
O00645,C131,P010,2023-08-05,5,15.0,Field Agent
O00654,C177,P009,2023-08-05,1,17.99,Phone
O00083,C178,P039,2023-08-05,3,11.95,Online
O00346,C066,P011,2023-08-06,20,94.35,Online
O00330,C184,P035,2023-08-06,1,17.87,Phone
O00624,C077,P046,2023-08-06,8,25.15,Shop
O00104,C086,P047,2023-08-07,5,6.58,Online
O00686,C091,P036,2023-08-07,3,41.61,Online
O00864,C201,P054,2023-08-07,2,13.65,Online
O00029,C157,P037,2023-08-08,2,37.45,Field Agent
O00888,C110,P033,2023-08-08,12,27.67,Online
O00885,C031,P020,2023-08-08,2,73.75,Online
O00713,C165,P052,2023-08-09,3,17.12,Phone
O00859,C047,P038,2023-08-10,1,28.29,Online
O01069,C105,P042,2023-08-10,1,23.04,Shop
O00414,C185,P058,2023-08-10,2,29.11,Phone
O00235,C124,P031,2023-08-10,1,29.02,Phone
O00229,C142,P045,2023-08-11,12,55.13,Shop
O00317,C126,P015,2023-08-11,8,27.83,Shop
O00216,C044,P029,2023-08-11,1,47.44,Online
O00378,C041,P019,2023-08-11,3,30.83,Shop
O00046,C156,P021,2023-08-12,5,72.45,Shop
O00743,C042,P043,2023-08-12,2,13.27,Online
O01189,C141,P055,2023-08-13,2,12.76,Shop
O00728,C060,P057,2023-08-13,1,64.71,Shop
O00080,C019,P040,2023-08-14,2,33.48,Online
O00140,C158,P028,2023-08-14,1,15.94,Shop
O00005,C126,P014,2023-08-14,5,56.48,Shop
O00268,C026,P017,2023-08-14,2,29.18,Field Agent
O00177,C132,P023,2023-08-15,12,116.82,Phone
O00021,C027,P027,2023-08-15,2,8.09,Shop
O00584,C193,P022,2023-08-15,1,212.35,Online
O00598,C177,P001,2023-08-16,1,40.94,Phone
O00672,C060,P049,2023-08-16,2,22.55,Shop
O00071,C118,P020,2023-08-16,1,69.32,Shop
O00293,C007,P049,2023-08-16,2,23.86,Online
O00534,C115,P044,2023-08-16,20,6.25,Phone
O01137,C057,P044,2023-08-17,1,6.54,Online
O00453,C205,P017,2023-08-17,3,22.76,Shop
O00203,C114,P014,2023-08-17,2,57.23,Shop
O00694,C126,P052,2023-08-17,5,17.55,Shop
O00583,C031,P048,2023-08-17,3,9.3,Field Agent
O00093,C005,P024,2023-08-18,3,55.03,Field Agent
O00937,C037,P003,2023-08-18,5,19.12,Shop
O00805,C058,P019,2023-08-18,8,32.83,Shop
O00432,C034,P029,2023-08-18,3,44.1,Phone
O00312,C032,P011,2023-08-19,2,90.11,Phone
O00438,C165,P034,2023-08-19,8,29.65,Online
O00640,C104,P025,2023-08-19,5,74.61,Online
O00386,C021,P055,2023-08-19,5,11.91,Shop
O00194,C098,P013,2023-08-19,3,194.87,Shop
O00660,C200,P058,2023-08-20,3,32.72,Phone
O00969,C048,P029,2023-08-20,20,45.28,Shop
O00595,C030,P043,2023-08-20,2,12.72,Phone
O00581,C134,P024,2023-08-20,1,61.17,Shop
O00867,C072,P042,2023-08-20,2,20.79,Shop
O00129,C120,P041,2023-08-21,3,16.48,Shop
O01125,C100,P022,2023-08-21,8,209.93,Shop
O00938,C104,P015,2023-08-21,5,29.41,Online
O00134,C004,P013,2023-08-21,8,169.54,Shop
O00550,C074,P014,2023-08-21,8,59.59,Phone
O00760,C136,P058,2023-08-22,2,27.94,Phone
O00685,C162,P016,2023-08-22,2,91.89,Shop
O00522,C022,P043,2023-08-23,1,11.9,Shop
O01104,C092,P015,2023-08-23,2,30.15,Shop
O00413,C132,P027,2023-08-24,5,8.16,Shop
O01008,C031,P003,2023-08-24,1,19.56,Shop
O00003,C172,P054,2023-08-24,5,15.7,Phone
O00495,C064,P018,2023-08-25,1,21.06,Field Agent
O00355,C135,P034,2023-08-26,2,25.77,Shop
O00592,C025,P040,2023-08-26,1,40.83,Field Agent
O01175,C192,P005,2023-08-26,5,3.83,Online
O00361,C180,P012,2023-08-26,2,425.43,Shop
O00580,C124,P005,2023-08-26,1,4.4,Online
O00120,C083,P016,2023-08-27,12,109.25,Shop
O00153,C011,P042,2023-08-27,5,20.72,Online
O00907,C031,P007,2023-08-27,1,3.77,Phone
O00020,C045,P033,2023-08-27,1,26.2,Shop
O00541,C153,P056,2023-08-27,20,25.41,Shop
O00050,C106,P020,2023-08-28,8,77.46,Field Agent
O00213,C045,P032,2023-08-29,1,35.84,Phone
O01193,C029,P035,2023-08-29,3,18.35,Shop
O00287,C035,P033,2023-08-29,20,23.08,Phone
O00776,C105,P036,2023-08-29,2,44.59,Online
O00738,C017,P056,2023-08-29,12,23.62,Shop
O00484,C041,P052,2023-08-29,1,14.38,Shop
O01103,C117,P001,2023-08-29,3,35.92,Shop
O00340,C165,P047,2023-08-30,2,5.87,Field Agent
O00846,C071,P047,2023-08-30,2,6.13,Shop
O00066,C085,P030,2023-08-30,20,63.06,Online
O00855,C125,P018,2023-08-30,5,25.44,Field Agent
O00540,C057,P051,2023-08-30,1,14.04,Shop
O00557,C046,P037,2023-08-31,1,34.86,Shop
O01071,C050,P044,2023-08-31,12,7.49,Shop
O01058,C129,P040,2023-08-31,1,33.57,Shop
O00233,C008,P011,2023-09-03,2,89.27,Phone
O01075,C204,P058,2023-09-03,2,29.95,Field Agent
O00632,C036,P039,2023-09-03,3,11.33,Shop
O00952,C095,P035,2023-09-04,2,17.87,Shop
O00053,C019,P060,2023-09-04,1,16.5,Phone
O00575,C164,P002,2023-09-04,20,49.46,Shop
O00953,C007,P023,2023-09-04,3,123.88,Shop
O00853,C153,P005,2023-09-05,5,4.43,Field Agent
O00343,C016,P057,2023-09-06,5,63.25,Field Agent
O00197,C155,P012,2023-09-06,12,466.28,Shop
O01143,C051,P008,2023-09-06,3,32.57,Online
O00615,C097,P036,2023-09-07,1,39.79,Shop
O00225,C147,P028,2023-09-08,8,18.21,Phone
O00644,C141,P050,2023-09-08,5,6.83,Shop
O00290,C118,P035,2023-09-08,1,19.5,Field Agent
O01110,C110,P052,2023-09-08,12,16.42,Phone
O00491,C072,P023,2023-09-08,3,140.7,Online
O00254,C151,P031,2023-09-09,1,29.57,Shop
O00761,C115,P002,2023-09-09,12,48.97,Phone
O00277,C199,P039,2023-09-09,3,11.46,Phone
O00914,C036,P056,2023-09-10,1,25.31,Online
O00778,C174,P048,2023-09-10,3,9.75,Shop
O00918,C144,P048,2023-09-10,3,10.65,Shop
O00296,C039,P001,2023-09-10,1,45.39,Shop
O01029,C044,P033,2023-09-11,3,25.92,Phone
O01020,C083,P016,2023-09-11,1,93.67,Online
O00566,C064,P024,2023-09-12,5,56.11,Phone
O00482,C135,P047,2023-09-12,3,6.41,Shop
O01005,C084,P033,2023-09-12,2,23.11,Phone
O00106,C155,P027,2023-09-13,5,10.16,Phone
O01177,C144,P031,2023-09-13,5,26.9,Phone
O00002,C181,P025,2023-09-13,2,84.85,Online
O00749,C104,P028,2023-09-13,3,19.75,Shop
O01014,C063,P051,2023-09-13,2,12.2,Shop
O00507,C118,P051,2023-09-13,2,13.33,Phone
O00928,C015,P056,2023-09-13,5,21.12,Shop
O00382,C051,P057,2023-09-14,2,67.37,Phone
O01079,C081,P037,2023-09-14,1,38.86,Shop
O00319,C049,P056,2023-09-15,2,23.87,Online
O00334,C109,P055,2023-09-15,5,13.47,Phone
O01113,C108,P054,2023-09-15,5,13.82,Online
O00721,C008,P050,2023-09-15,2,7.01,Online
O00941,C055,P041,2023-09-15,5,13.33,Shop
O00471,C126,P014,2023-09-15,8,54.78,Shop
O00756,C180,P046,2023-09-15,5,24.97,Phone
O00798,C006,P052,2023-09-16,5,14.96,Phone
O00535,C143,P035,2023-09-16,2,18.93,Shop
O00112,C009,P047,2023-09-16,3,6.73,Phone
O00223,C058,P036,2023-09-17,1,48.82,Phone
O00993,C072,P009,2023-09-18,1,14.62,Shop
O00916,C121,P056,2023-09-18,5,26.96,Online
O00285,C174,P046,2023-09-18,1,28.16,Shop
O00973,C188,P029,2023-09-18,12,51.1,Online
O00184,C024,P042,2023-09-18,3,22.76,Online
O00373,C200,P039,2023-09-18,3,12.6,Field Agent
O00196,C080,P049,2023-09-19,5,22.2,Shop
O00585,C146,P056,2023-09-19,5,22.21,Shop
O01139,C162,P033,2023-09-19,1,22.52,Field Agent
O00927,C085,P039,2023-09-19,5,11.78,Shop
O00650,C026,P014,2023-09-19,2,46.37,Phone
O00874,C055,P014,2023-09-19,8,49.01,Shop
O01040,C126,P009,2023-09-20,1,15.51,Shop
O00238,C028,P047,2023-09-20,12,6.3,Online
O00977,C126,P025,2023-09-20,12,87.48,Field Agent
O00329,C181,P022,2023-09-20,2,209.41,Shop
O00689,C062,P006,2023-09-20,5,5.1,Shop
O00555,C034,P042,2023-09-20,2,23.9,Phone
O00493,C048,P018,2023-09-20,12,20.96,Phone
O00714,C105,P051,2023-09-20,3,14.44,Field Agent
O00548,C008,P035,2023-09-21,1,16.06,Shop
O00626,C150,P034,2023-09-21,3,23.0,Phone
O00239,C023,P009,2023-09-22,8,18.97,Online
O00835,C086,P005,2023-09-23,3,4.38,Phone
O00381,C094,P043,2023-09-23,1,12.57,Shop
O00572,C056,P025,2023-09-23,1,76.08,Shop
O00424,C043,P018,2023-09-23,3,19.51,Shop
O00447,C037,P023,2023-09-24,1,140.34,Online
O00657,C122,P041,2023-09-25,1,16.19,Shop
O01099,C113,P001,2023-09-25,1,37.21,Shop
O00718,C052,P047,2023-09-25,2,5.61,Online
O00039,C121,P018,2023-09-26,5,23.47,Field Agent
O00012,C072,P023,2023-09-26,1,140.75,Online
O01132,C179,P032,2023-09-27,1,45.21,Phone
O00898,C096,P059,2023-09-27,2,14.84,Phone
O00781,C021,P031,2023-09-27,3,30.96,Shop
O01044,C108,P014,2023-09-27,1,46.56,Online
O00532,C164,P019,2023-09-27,3,32.13,Field Agent
O00220,C031,P048,2023-09-27,20,8.7,Shop
O00115,C160,P049,2023-09-28,1,24.56,Shop
O00984,C015,P019,2023-09-29,3,36.35,Phone
O01141,C047,P023,2023-09-30,1,139.41,Field Agent
O00745,C126,P009,2023-09-30,5,16.33,Field Agent
O01039,C043,P007,2023-09-30,2,4.22,Shop
O00901,C058,P045,2023-10-01,2,61.54,Online
O00445,C172,P047,2023-10-01,3,5.48,Online
O00837,C051,P026,2023-10-01,1,49.28,Shop
O00848,C053,P050,2023-10-01,1,7.23,Shop
O00464,C120,P039,2023-10-02,2,12.82,Shop
O00552,C201,P025,2023-10-02,1,94.51,Phone
O00094,C141,P022,2023-10-02,12,177.79,Online
O01131,C147,P011,2023-10-02,20,95.41,Phone
O00905,C110,P017,2023-10-03,12,24.36,Phone
O00481,C180,P008,2023-10-06,5,41.25,Shop
O00525,C129,P009,2023-10-06,3,15.14,Online
O00429,C021,P012,2023-10-06,1,410.32,Shop
O01182,C184,P048,2023-10-06,2,10.85,Online
O01090,C040,P044,2023-10-06,2,7.65,Online
O00503,C131,P045,2023-10-07,1,57.45,Field Agent
O00119,C171,P010,2023-10-07,20,16.53,Shop
O00236,C074,P020,2023-10-07,2,75.62,Shop
O00646,C185,P047,2023-10-07,1,6.44,Phone
O00661,C143,P018,2023-10-07,8,21.28,Phone
O00143,C210,P033,2023-10-08,12,27.9,Field Agent
O00500,C120,P032,2023-10-08,2,45.1,Shop
O00270,C175,P016,2023-10-08,1,117.73,Shop
O00563,C105,P015,2023-10-09,12,32.81,Online
O00989,C123,P032,2023-10-10,3,38.23,Shop
O00944,C077,P001,2023-10-10,3,42.51,Online
O00264,C147,P007,2023-10-10,5,4.01,Shop
O00166,C169,P009,2023-10-10,5,16.16,Field Agent
O00011,C020,P001,2023-10-10,2,40.29,Shop
O00461,C080,P007,2023-10-11,1,4.37,Online
O00705,C015,P026,2023-10-11,2,42.36,Shop
O00972,C009,P018,2023-10-11,2,22.66,Shop
O00607,C087,P041,2023-10-11,2,14.37,Field Agent
O00614,C106,P024,2023-10-11,1,51.92,Phone
O00988,C177,P019,2023-10-11,3,29.19,Field Agent
O01197,C032,P019,2023-10-12,2,33.75,Phone
O00536,C131,P020,2023-10-13,5,83.42,Online
O01179,C175,P034,2023-10-13,1,23.22,Phone
O00997,C131,P059,2023-10-13,3,15.15,Online
O00262,C161,P023,2023-10-13,3,143.53,Shop
O00808,C130,P002,2023-10-13,5,38.07,Phone
O00456,C008,P031,2023-10-13,5,30.96,Phone
O00955,C202,P017,2023-10-13,3,27.97,Online
O00227,C163,P054,2023-10-14,2,14.76,Phone
O00048,C144,P050,2023-10-15,2,7.36,Shop
O00363,C096,P022,2023-10-16,1,185.65,Phone
O00553,C182,P007,2023-10-16,2,4.38,Online
O00214,C016,P033,2023-10-16,3,21.6,Online
O00186,C068,P036,2023-10-16,2,41.87,Shop
O00648,C132,P028,2023-10-16,8,15.97,Online
O01019,C022,P011,2023-10-17,3,76.17,Shop
O00505,C149,P060,2023-10-18,12,17.13,Shop
O00908,C113,P060,2023-10-18,12,15.56,Shop
O00302,C036,P021,2023-10-18,5,80.83,Phone
O00605,C199,P058,2023-10-19,5,32.12,Field Agent
O00515,C081,P049,2023-10-19,12,24.16,Shop
O00529,C202,P018,2023-10-19,2,24.38,Phone
O00389,C045,P007,2023-10-20,1,3.89,Online
O00589,C163,P002,2023-10-20,1,42.59,Phone
O01121,C153,P039,2023-10-20,1,13.57,Shop
O00054,C070,P023,2023-10-20,5,126.26,Shop
O00804,C020,P017,2023-10-21,8,27.1,Phone
O00830,C086,P048,2023-10-21,2,8.8,Phone
O00812,C076,P030,2023-10-21,2,72.3,Online
O00450,C079,P041,2023-10-21,5,16.07,Field Agent
O01199,C088,P005,2023-10-22,1,3.54,Field Agent
O00259,C164,P036,2023-10-23,5,49.1,Online
O00320,C127,P043,2023-10-23,12,11.82,Shop
O00269,C153,P002,2023-10-23,1,40.27,Field Agent
O00369,C069,P006,2023-10-23,1,6.38,Online
O00709,C089,P013,2023-10-23,1,221.27,Shop
O00175,C159,P006,2023-10-24,5,5.3,Shop
O00117,C086,P009,2023-10-24,2,16.85,Field Agent
O00567,C184,P052,2023-10-24,5,15.51,Online
O00785,C035,P040,2023-10-26,2,34.33,Field Agent
O00638,C152,P008,2023-10-26,8,33.16,Shop
O01118,C058,P026,2023-10-26,1,51.78,Phone
O00383,C029,P036,2023-10-26,1,46.23,Online
O00137,C114,P036,2023-10-26,5,47.98,Shop
O00023,C033,P059,2023-10-26,3,18.7,Phone
O00649,C032,P005,2023-10-26,5,4.17,Shop
O00801,C186,P043,2023-10-27,3,13.5,Field Agent
O00170,C189,P037,2023-10-27,2,38.48,Shop
O00345,C210,P027,2023-10-27,8,10.21,Shop
O01192,C066,P025,2023-10-28,12,76.33,Shop
O00682,C025,P039,2023-10-28,1,13.58,Online
O00283,C043,P052,2023-10-28,5,16.2,Field Agent
O00305,C001,P034,2023-10-28,8,23.21,Shop
O00372,C186,P044,2023-10-28,3,7.92,Phone
O01072,C175,P006,2023-10-28,2,5.38,Shop
O00796,C085,P012,2023-10-28,2,385.62,Shop
O00116,C132,P002,2023-10-29,3,46.29,Phone
O00244,C188,P002,2023-10-29,2,43.3,Shop
O00794,C108,P053,2023-10-29,20,22.45,Field Agent
O00292,C188,P052,2023-10-30,3,17.28,Shop
O00090,C042,P029,2023-10-30,2,48.01,Phone
O01048,C111,P044,2023-10-31,5,7.57,Phone
O00087,C062,P055,2023-10-31,1,12.81,Shop
O00767,C110,P005,2023-10-31,3,3.63,Field Agent
O00943,C102,P013,2023-10-31,1,174.28,Phone
O00881,C183,P027,2023-11-01,3,8.22,Shop
O00708,C030,P051,2023-11-01,3,11.93,Shop
O00840,C084,P056,2023-11-01,1,21.91,Phone
O00935,C163,P031,2023-11-01,1,30.82,Online
O00082,C151,P056,2023-11-01,4,26.23,Shop
O00390,C179,P033,2023-11-01,20,24.32,Shop
O01078,C188,P042,2023-11-02,3,22.41,Phone
O00822,C042,P058,2023-11-02,1,28.28,Online
O01055,C208,P019,2023-11-02,6,37.49,Shop
O00504,C071,P044,2023-11-03,2,7.01,Shop
O00247,C006,P056,2023-11-03,21,25.7,Shop
O00923,C176,P012,2023-11-03,12,434.88,Shop
O00852,C088,P039,2023-11-03,12,13.85,Shop
O00740,C148,P015,2023-11-03,3,32.69,Phone
O00294,C023,P023,2023-11-04,3,142.11,Online
O01107,C032,P022,2023-11-04,5,178.72,Phone
O00895,C130,P016,2023-11-04,2,107.41,Shop
O01136,C109,P019,2023-11-04,9,29.0,Online
O00267,C082,P018,2023-11-05,1,24.89,Shop
O01052,C071,P033,2023-11-05,3,27.25,Shop
O00339,C124,P008,2023-11-06,5,36.26,Online
O01017,C105,P038,2023-11-06,3,31.39,Shop
O00978,C085,P033,2023-11-07,7,26.62,Shop
O00179,C005,P051,2023-11-07,4,11.92,Phone
O00258,C138,P008,2023-11-07,2,35.54,Phone
O00579,C033,P025,2023-11-07,3,86.05,Shop
O00260,C064,P037,2023-11-07,2,38.7,Online
O00047,C161,P058,2023-11-07,6,28.94,Online
O00435,C136,P010,2023-11-07,3,15.65,Phone
O00876,C084,P041,2023-11-07,6,13.48,Field Agent
O00547,C188,P049,2023-11-08,2,19.55,Online
O00668,C001,P040,2023-11-08,5,39.09,Phone
O00061,C057,P007,2023-11-08,6,4.24,Field Agent
O00569,C048,P042,2023-11-08,14,22.18,Shop
O00521,C161,P036,2023-11-08,7,42.26,Shop
O00351,C095,P005,2023-11-08,4,3.42,Online
O00366,C204,P033,2023-11-09,3,21.02,Shop
O00897,C060,P016,2023-11-09,7,90.16,Phone
O00189,C167,P049,2023-11-09,4,21.67,Phone
O00192,C029,P017,2023-11-09,1,26.4,Shop
O00280,C075,P010,2023-11-09,20,17.88,Shop
O00328,C037,P006,2023-11-10,5,5.54,Shop
O00391,C073,P019,2023-11-11,1,33.7,Shop
O00155,C028,P004,2023-11-11,4,10.22,Online
O00715,C160,P045,2023-11-11,2,55.34,Phone
O00497,C015,P051,2023-11-11,1,12.98,Phone
O01010,C175,P053,2023-11-12,8,21.78,Shop
O00375,C048,P053,2023-11-12,3,18.09,Field Agent
O00468,C035,P059,2023-11-12,5,16.27,Phone
O00001,C081,P052,2023-11-12,1,13.2,Phone
O00956,C138,P052,2023-11-13,7,16.3,Shop
O00643,C164,P040,2023-11-13,3,32.76,Field Agent
O00502,C191,P009,2023-11-13,4,17.12,Online
O00031,C177,P039,2023-11-13,8,11.43,Online
O01166,C063,P010,2023-11-13,4,13.97,Online
O00934,C043,P047,2023-11-14,1,6.97,Shop
O00014,C183,P010,2023-11-15,2,16.7,Field Agent
O00838,C201,P003,2023-11-15,4,17.15,Phone
O00273,C022,P008,2023-11-16,5,39.51,Field Agent
O01068,C043,P015,2023-11-16,5,30.67,Online
O00289,C153,P030,2023-11-16,1,73.58,Phone
O00384,C133,P013,2023-11-16,2,190.2,Field Agent
O00737,C031,P020,2023-11-17,3,86.3,Shop
O00004,C132,P032,2023-11-17,8,40.45,Online
O01165,C183,P039,2023-11-18,2,13.89,Online
O00775,C048,P055,2023-11-18,2,11.31,Phone
O00325,C122,P032,2023-11-18,10,45.32,Shop
O01172,C057,P012,2023-11-18,6,457.28,Field Agent
O00397,C064,P058,2023-11-19,3,30.08,Shop
O00854,C016,P002,2023-11-19,13,41.86,Phone
O00159,C052,P046,2023-11-19,6,28.12,Shop
O00543,C210,P014,2023-11-19,4,57.86,Online
O01157,C023,P055,2023-11-20,3,14.1,Phone
O00474,C159,P028,2023-11-20,5,19.91,Phone
O00670,C001,P028,2023-11-21,5,19.6,Online
O01088,C048,P050,2023-11-21,1,8.35,Phone
O00224,C061,P033,2023-11-21,3,27.88,Phone
O00265,C152,P044,2023-11-21,14,7.87,Shop
O00276,C148,P004,2023-11-22,2,11.87,Shop
O00469,C029,P026,2023-11-22,3,46.08,Online
O00403,C034,P041,2023-11-22,5,14.1,Online
O00524,C101,P049,2023-11-22,22,20.13,Phone
O00075,C083,P012,2023-11-23,10,480.74,Online
O00603,C082,P045,2023-11-23,13,54.98,Shop
O00826,C025,P054,2023-11-23,10,13.52,Shop
O00271,C049,P058,2023-11-23,2,27.67,Shop
O00809,C167,P021,2023-11-23,3,78.33,Shop
O00282,C117,P048,2023-11-24,5,10.42,Shop
O00896,C008,P009,2023-11-24,3,14.47,Phone
O00073,C187,P004,2023-11-24,5,11.49,Phone
O00195,C062,P055,2023-11-24,2,14.19,Shop
O00613,C093,P006,2023-11-25,2,6.0,Shop
O00771,C019,P015,2023-11-25,5,32.81,Shop
O00193,C054,P039,2023-11-25,3,11.16,Shop
O00045,C065,P029,2023-11-25,7,51.88,Online
O01162,C114,P008,2023-11-25,13,41.06,Online
O00086,C001,P028,2023-11-25,2,16.25,Shop
O00602,C145,P042,2023-11-26,4,23.47,Field Agent
O00747,C152,P001,2023-11-26,1,41.89,Shop
O00100,C038,P007,2023-11-26,1,4.7,Field Agent
O00733,C131,P027,2023-11-27,1,9.18,Shop
O00152,C200,P041,2023-11-28,2,14.58,Phone
O01153,C186,P025,2023-11-28,4,96.09,Field Agent
O00578,C187,P044,2023-11-28,4,6.08,Shop
O01133,C120,P024,2023-11-28,2,62.46,Shop
O01067,C096,P033,2023-11-28,7,25.55,Shop
O00739,C153,P008,2023-11-29,2,31.92,Shop
O00485,C047,P057,2023-11-29,5,73.91,Shop
O01120,C148,P060,2023-11-29,14,17.63,Shop
O00758,C100,P001,2023-11-30,5,35.96,Field Agent
O00123,C184,P021,2023-11-30,5,79.73,Phone
O00198,C123,P014,2023-11-30,4,55.32,Online
O00393,C143,P016,2023-11-30,5,99.83,Shop
O00052,C094,P046,2023-11-30,3,21.95,Shop
O00022,C052,P030,2023-11-30,2,69.05,Shop
O00942,C103,P008,2023-12-01,2,38.52,Phone
O00664,C046,P009,2023-12-01,3,16.24,Shop
O00939,C026,P053,2023-12-01,1,19.59,Field Agent
O00299,C003,P020,2023-12-01,1,83.42,Field Agent
O00156,C019,P011,2023-12-01,22,89.91,Online
O00338,C087,P053,2023-12-02,1,22.88,Shop
O00144,C195,P008,2023-12-02,9,40.59,Phone
O00582,C191,P018,2023-12-02,3,24.0,Shop
O00979,C012,P026,2023-12-02,3,43.7,Shop
O01077,C016,P010,2023-12-02,2,16.24,Shop
O00102,C169,P043,2023-12-02,13,13.08,Shop
O00009,C039,P018,2023-12-03,5,19.31,Shop
O00764,C207,P016,2023-12-03,14,106.2,Field Agent
O00506,C015,P053,2023-12-03,6,19.93,Shop
O00513,C076,P004,2023-12-04,1,9.86,Shop
O00162,C193,P004,2023-12-04,3,11.32,Shop
O00964,C102,P060,2023-12-04,4,15.02,Online
O00132,C162,P057,2023-12-04,3,70.04,Shop
O00681,C201,P055,2023-12-05,2,11.52,Phone
O01027,C029,P011,2023-12-05,5,87.5,Shop
O01195,C010,P018,2023-12-05,6,25.51,Phone
O00327,C164,P020,2023-12-06,9,82.66,Shop
O01018,C183,P053,2023-12-06,6,20.34,Phone
O00860,C115,P037,2023-12-06,3,36.77,Online
O01155,C147,P006,2023-12-06,3,5.22,Shop
O01140,C155,P048,2023-12-07,4,9.17,Online
O00551,C119,P057,2023-12-07,10,63.89,Phone
O00459,C066,P055,2023-12-07,14,11.38,Shop
O01190,C040,P042,2023-12-07,2,21.04,Phone
O00653,C167,P011,2023-12-08,4,95.41,Shop
O00878,C126,P057,2023-12-08,12,80.75,Shop
O01004,C181,P034,2023-12-08,3,23.38,Shop
O00135,C059,P051,2023-12-08,14,12.9,Phone
O00945,C011,P016,2023-12-08,4,103.57,Shop
O00508,C102,P030,2023-12-08,3,72.15,Phone
O01091,C192,P003,2023-12-08,13,17.3,Phone
O00862,C182,P042,2023-12-09,4,19.4,Shop
O00697,C151,P060,2023-12-09,2,16.84,Shop
O00959,C154,P053,2023-12-09,4,22.61,Online
O00479,C022,P047,2023-12-09,8,5.49,Field Agent
O00610,C017,P040,2023-12-10,1,38.43,Online
O00406,C098,P043,2023-12-10,4,12.63,Phone
O00748,C165,P011,2023-12-11,7,74.4,Shop
O01115,C089,P013,2023-12-12,4,174.51,Shop
O00219,C131,P046,2023-12-12,20,25.46,Online
O01169,C041,P002,2023-12-13,1,47.65,Shop
O00857,C174,P030,2023-12-13,6,70.87,Shop
O00362,C190,P056,2023-12-13,7,20.54,Online
O01026,C138,P051,2023-12-13,14,11.9,Online
O00475,C097,P060,2023-12-13,2,16.34,Shop
O00899,C165,P004,2023-12-14,5,9.17,Shop
O01082,C090,P026,2023-12-14,2,41.25,Phone
O01021,C092,P051,2023-12-14,5,11.82,Shop
O00818,C035,P010,2023-12-16,10,17.23,Shop
O00371,C150,P050,2023-12-16,22,7.98,Phone
O00729,C046,P005,2023-12-16,1,3.91,Shop
O00230,C179,P023,2023-12-16,7,119.44,Online
O00690,C155,P054,2023-12-17,7,13.11,Shop
O00263,C071,P023,2023-12-17,7,146.48,Online
O00165,C147,P055,2023-12-17,9,12.35,Phone
O00722,C121,P045,2023-12-17,8,62.93,Online
O00658,C119,P033,2023-12-17,7,26.17,Phone
O00458,C013,P045,2023-12-17,10,54.79,Field Agent
O01145,C113,P018,2023-12-17,3,22.04,Online
O00204,C177,P041,2023-12-17,3,14.04,Phone
O01022,C084,P051,2023-12-17,2,13.96,Phone
O00976,C030,P050,2023-12-17,3,8.28,Field Agent
O00210,C192,P021,2023-12-18,7,76.07,Field Agent
O00850,C198,P044,2023-12-18,1,6.06,Online
O00865,C007,P016,2023-12-18,3,106.17,Online
O00699,C115,P024,2023-12-19,3,60.65,Online
O00703,C143,P020,2023-12-19,2,84.15,Online
O00619,C163,P028,2023-12-19,10,16.61,Phone
O00151,C200,P027,2023-12-20,7,8.55,Shop
O00274,C106,P049,2023-12-20,14,20.0,Shop
O01031,C026,P038,2023-12-21,4,28.15,Shop
O00967,C162,P001,2023-12-21,5,41.36,Phone
O00692,C130,P008,2023-12-21,4,32.36,Online
O00395,C098,P045,2023-12-22,3,61.06,Shop
O00763,C085,P020,2023-12-22,2,86.97,Phone
O00473,C048,P020,2023-12-22,3,83.85,Online
O00034,C008,P013,2023-12-23,3,178.34,Shop
O00478,C089,P022,2023-12-23,3,172.7,Field Agent
O00059,C100,P013,2023-12-24,2,183.97,Shop
O00364,C091,P059,2023-12-24,2,17.33,Shop
O00523,C132,P053,2023-12-25,5,21.64,Field Agent
O01159,C192,P059,2023-12-25,1,14.9,Online
O01084,C041,P056,2023-12-25,3,26.5,Shop
O00519,C095,P003,2023-12-25,3,16.95,Shop
O00466,C024,P003,2023-12-26,2,21.53,Field Agent
O00286,C013,P013,2023-12-26,6,189.26,Online
O00291,C069,P047,2023-12-26,3,6.37,Shop
O00768,C121,P048,2023-12-26,22,8.58,Online
O00933,C111,P055,2023-12-26,3,12.67,Shop
O00700,C189,P025,2023-12-27,1,91.31,Phone
O00385,C044,P019,2023-12-27,1,33.91,Shop
O00915,C012,P046,2023-12-27,3,22.66,Shop
O00010,C062,P011,2023-12-28,3,93.77,Shop
O00831,C093,P051,2023-12-29,13,13.44,Phone
O00316,C115,P036,2023-12-29,1,42.92,Field Agent
O00462,C191,P040,2023-12-29,3,32.72,Field Agent
O00252,C059,P031,2023-12-29,2,26.95,Phone
O00631,C172,P007,2023-12-29,4,3.82,Shop
O01171,C030,P037,2023-12-30,2,36.08,Shop
O00396,C055,P043,2023-12-31,2,13.22,Field Agent
O00206,C190,P001,2023-12-31,7,35.55,Shop
O00845,C088,P002,2023-12-31,3,46.81,Phone
O00077,C023,P030,2023-12-31,1,73.6,Phone
